FECHA_ADMINISTRACION,GRUPO_ETARIO,GENERO,VACUNA,TIPO_EFECTOR,DOSIS_1,DOSIS_2
22FEB2021,30 o menos,F,Covishield,Publico,13,0
22FEB2021,30 o menos,F,Sputnik,Privado,97,5
22FEB2021,30 o menos,F,Sputnik,Publico,284,7
22FEB2021,30 o menos,F,Sputnik,Publico nacional,11,2
22FEB2021,30 o menos,M,Covishield,Publico,4,0
22FEB2021,30 o menos,M,Sputnik,Privado,63,4
22FEB2021,30 o menos,M,Sputnik,Publico,107,3
22FEB2021,30 o menos,M,Sputnik,Publico nacional,5,0
22FEB2021,31 a 40,F,Covishield,Publico,10,0
22FEB2021,31 a 40,F,Sputnik,Privado,201,11
22FEB2021,31 a 40,F,Sputnik,Publico,562,13
22FEB2021,31 a 40,F,Sputnik,Publico nacional,23,0
22FEB2021,31 a 40,M,Covishield,Publico,5,0
22FEB2021,31 a 40,M,Sputnik,Privado,103,9
22FEB2021,31 a 40,M,Sputnik,Publico,202,12
22FEB2021,31 a 40,M,Sputnik,Publico nacional,5,1
22FEB2021,41 a 50,F,Covishield,Publico,13,0
22FEB2021,41 a 50,F,Sputnik,Privado,161,6
22FEB2021,41 a 50,F,Sputnik,Publico,449,12
22FEB2021,41 a 50,F,Sputnik,Publico nacional,24,2
22FEB2021,41 a 50,M,Covishield,Publico,3,0
22FEB2021,41 a 50,M,Sputnik,Privado,76,6
22FEB2021,41 a 50,M,Sputnik,Publico,150,8
22FEB2021,41 a 50,M,Sputnik,Publico nacional,17,0
22FEB2021,51 a 60,F,Covishield,Publico,6,0
22FEB2021,51 a 60,F,Sputnik,Privado,79,3
22FEB2021,51 a 60,F,Sputnik,Publico,405,9
22FEB2021,51 a 60,F,Sputnik,Publico nacional,19,0
22FEB2021,51 a 60,M,Covishield,Publico,6,0
22FEB2021,51 a 60,M,Sputnik,Privado,39,2
22FEB2021,51 a 60,M,Sputnik,Publico,180,8
22FEB2021,51 a 60,M,Sputnik,Publico nacional,10,0
22FEB2021,61 a 70,F,Covishield,Publico,22,0
22FEB2021,61 a 70,F,Sputnik,Privado,29,0
22FEB2021,61 a 70,F,Sputnik,Publico,233,0
22FEB2021,61 a 70,F,Sputnik,Publico nacional,9,0
22FEB2021,61 a 70,M,Covishield,Publico,104,0
22FEB2021,61 a 70,M,Sputnik,Privado,25,0
22FEB2021,61 a 70,M,Sputnik,Publico,128,0
22FEB2021,61 a 70,M,Sputnik,Publico nacional,4,0
22FEB2021,71 a 80,F,Covishield,Publico,417,0
22FEB2021,71 a 80,F,Sputnik,Privado,4,0
22FEB2021,71 a 80,F,Sputnik,Publico,90,0
22FEB2021,71 a 80,M,Covishield,Publico,294,0
22FEB2021,71 a 80,M,Sputnik,Privado,9,0
22FEB2021,71 a 80,M,Sputnik,Publico,61,0
22FEB2021,71 a 80,M,Sputnik,Publico nacional,1,0
22FEB2021,81 a 90,F,Covishield,Publico,2334,0
22FEB2021,81 a 90,F,Sputnik,Publico,8,0
22FEB2021,81 a 90,M,Covishield,Publico,1425,0
22FEB2021,81 a 90,M,Sputnik,Publico,16,0
22FEB2021,91 o mas,F,Covishield,Publico,400,0
22FEB2021,91 o mas,M,Covishield,Publico,155,0
22FEB2021,91 o mas,M,Sputnik,Publico,2,0
23FEB2021,30 o menos,F,Covishield,Privado,1,0
23FEB2021,30 o menos,F,Covishield,Publico,14,0
23FEB2021,30 o menos,F,Sputnik,Privado,100,14
23FEB2021,30 o menos,F,Sputnik,Publico,298,55
23FEB2021,30 o menos,F,Sputnik,Publico nacional,27,4
23FEB2021,30 o menos,M,Covishield,Privado,1,0
23FEB2021,30 o menos,M,Covishield,Publico,1,0
23FEB2021,30 o menos,M,Sputnik,Privado,80,9
23FEB2021,30 o menos,M,Sputnik,Publico,117,22
23FEB2021,30 o menos,M,Sputnik,Publico nacional,14,5
23FEB2021,31 a 40,F,Covishield,Privado,3,0
23FEB2021,31 a 40,F,Covishield,Publico,8,0
23FEB2021,31 a 40,F,Sputnik,Privado,224,16
23FEB2021,31 a 40,F,Sputnik,Publico,625,133
23FEB2021,31 a 40,F,Sputnik,Publico nacional,66,10
23FEB2021,31 a 40,M,Covishield,Publico,2,0
23FEB2021,31 a 40,M,Sputnik,Privado,104,14
23FEB2021,31 a 40,M,Sputnik,Publico,218,54
23FEB2021,31 a 40,M,Sputnik,Publico nacional,40,5
23FEB2021,41 a 50,F,Covishield,Privado,1,0
23FEB2021,41 a 50,F,Covishield,Publico,9,0
23FEB2021,41 a 50,F,Sputnik,Privado,163,15
23FEB2021,41 a 50,F,Sputnik,Publico,585,157
23FEB2021,41 a 50,F,Sputnik,Publico nacional,40,16
23FEB2021,41 a 50,M,Covishield,Publico,2,0
23FEB2021,41 a 50,M,Sputnik,Privado,74,6
23FEB2021,41 a 50,M,Sputnik,Publico,226,70
23FEB2021,41 a 50,M,Sputnik,Publico nacional,34,8
23FEB2021,51 a 60,F,Covishield,Privado,5,0
23FEB2021,51 a 60,F,Covishield,Publico,3,0
23FEB2021,51 a 60,F,Sputnik,Privado,81,9
23FEB2021,51 a 60,F,Sputnik,Publico,443,205
23FEB2021,51 a 60,F,Sputnik,Publico nacional,31,13
23FEB2021,51 a 60,M,Covishield,Privado,3,0
23FEB2021,51 a 60,M,Covishield,Publico,4,0
23FEB2021,51 a 60,M,Sputnik,Privado,52,3
23FEB2021,51 a 60,M,Sputnik,Publico,188,90
23FEB2021,51 a 60,M,Sputnik,Publico nacional,15,3
23FEB2021,61 a 70,F,Covishield,Publico,13,0
23FEB2021,61 a 70,F,Sputnik,Privado,26,2
23FEB2021,61 a 70,F,Sputnik,Publico,237,307
23FEB2021,61 a 70,F,Sputnik,Publico nacional,9,17
23FEB2021,61 a 70,M,Covishield,Publico,43,0
23FEB2021,61 a 70,M,Sputnik,Privado,27,6
23FEB2021,61 a 70,M,Sputnik,Publico,159,242
23FEB2021,61 a 70,M,Sputnik,Publico nacional,8,19
23FEB2021,71 a 80,F,Covishield,Publico,412,0
23FEB2021,71 a 80,F,Sputnik,Privado,1,0
23FEB2021,71 a 80,F,Sputnik,Publico,49,29
23FEB2021,71 a 80,M,Covishield,Publico,269,0
23FEB2021,71 a 80,M,Sputnik,Privado,8,2
23FEB2021,71 a 80,M,Sputnik,Publico,55,30
23FEB2021,71 a 80,M,Sputnik,Publico nacional,2,1
23FEB2021,81 a 90,F,Covishield,Publico,2350,0
23FEB2021,81 a 90,F,Sputnik,Publico,13,1
23FEB2021,81 a 90,M,Covishield,Publico,1425,0
23FEB2021,81 a 90,M,Sputnik,Publico,12,4
23FEB2021,81 a 90,M,Sputnik,Publico nacional,1,0
23FEB2021,91 o mas,F,Covishield,Publico,418,0
23FEB2021,91 o mas,F,Sputnik,Publico,1,0
23FEB2021,91 o mas,M,Covishield,Publico,173,0
23FEB2021,91 o mas,M,Sputnik,Publico,0,1
24FEB2021,30 o menos,F,Covishield,Privado,3,0
24FEB2021,30 o menos,F,Covishield,Publico,8,0
24FEB2021,30 o menos,F,Sputnik,Privado,116,40
24FEB2021,30 o menos,F,Sputnik,Publico,216,47
24FEB2021,30 o menos,F,Sputnik,Publico nacional,8,7
24FEB2021,30 o menos,M,Covishield,Privado,1,0
24FEB2021,30 o menos,M,Covishield,Publico,2,0
24FEB2021,30 o menos,M,Sputnik,Privado,69,22
24FEB2021,30 o menos,M,Sputnik,Publico,133,23
24FEB2021,30 o menos,M,Sputnik,Publico nacional,4,0
24FEB2021,31 a 40,F,Covishield,Privado,4,0
24FEB2021,31 a 40,F,Covishield,Publico,14,0
24FEB2021,31 a 40,F,Sputnik,Privado,251,77
24FEB2021,31 a 40,F,Sputnik,Publico,488,151
24FEB2021,31 a 40,F,Sputnik,Publico nacional,18,12
24FEB2021,31 a 40,M,Covishield,Privado,6,0
24FEB2021,31 a 40,M,Covishield,Publico,6,0
24FEB2021,31 a 40,M,Sputnik,Privado,125,61
24FEB2021,31 a 40,M,Sputnik,Publico,233,76
24FEB2021,31 a 40,M,Sputnik,Publico nacional,16,5
24FEB2021,41 a 50,F,Covishield,Privado,6,0
24FEB2021,41 a 50,F,Covishield,Publico,10,0
24FEB2021,41 a 50,F,Sputnik,Privado,214,65
24FEB2021,41 a 50,F,Sputnik,Publico,441,170
24FEB2021,41 a 50,F,Sputnik,Publico nacional,7,18
24FEB2021,41 a 50,M,Covishield,Privado,2,0
24FEB2021,41 a 50,M,Covishield,Publico,4,0
24FEB2021,41 a 50,M,Sputnik,Privado,121,18
24FEB2021,41 a 50,M,Sputnik,Publico,194,82
24FEB2021,41 a 50,M,Sputnik,Publico nacional,5,6
24FEB2021,51 a 60,F,Covishield,Privado,1,0
24FEB2021,51 a 60,F,Covishield,Publico,6,0
24FEB2021,51 a 60,F,Sputnik,Privado,119,23
24FEB2021,51 a 60,F,Sputnik,Publico,356,194
24FEB2021,51 a 60,F,Sputnik,Publico nacional,5,13
24FEB2021,51 a 60,M,Covishield,Privado,1,0
24FEB2021,51 a 60,M,Covishield,Publico,4,0
24FEB2021,51 a 60,M,Sputnik,Privado,63,13
24FEB2021,51 a 60,M,Sputnik,Publico,131,90
24FEB2021,51 a 60,M,Sputnik,Publico nacional,1,11
24FEB2021,61 a 70,F,Covishield,Privado,2,0
24FEB2021,61 a 70,F,Covishield,Publico,26,0
24FEB2021,61 a 70,F,Sputnik,Privado,36,9
24FEB2021,61 a 70,F,Sputnik,Publico,178,229
24FEB2021,61 a 70,F,Sputnik,Publico nacional,2,14
24FEB2021,61 a 70,M,Covishield,Publico,33,0
24FEB2021,61 a 70,M,Sputnik,Privado,32,12
24FEB2021,61 a 70,M,Sputnik,Publico,94,197
24FEB2021,61 a 70,M,Sputnik,Publico nacional,3,6
24FEB2021,71 a 80,F,Covishield,Privado,66,0
24FEB2021,71 a 80,F,Covishield,Publico,418,0
24FEB2021,71 a 80,F,Sputnik,Privado,6,0
24FEB2021,71 a 80,F,Sputnik,Publico,71,24
24FEB2021,71 a 80,F,Sputnik,Publico nacional,1,0
24FEB2021,71 a 80,M,Covishield,Privado,44,0
24FEB2021,71 a 80,M,Covishield,Publico,233,0
24FEB2021,71 a 80,M,Sputnik,Privado,14,3
24FEB2021,71 a 80,M,Sputnik,Publico,49,28
24FEB2021,71 a 80,M,Sputnik,Publico nacional,1,0
24FEB2021,81 a 90,F,Covishield,Privado,186,0
24FEB2021,81 a 90,F,Covishield,Publico,2450,0
24FEB2021,81 a 90,F,Sputnik,Publico,3,2
24FEB2021,81 a 90,M,Covishield,Privado,135,0
24FEB2021,81 a 90,M,Covishield,Publico,1317,0
24FEB2021,81 a 90,M,Sputnik,Privado,2,1
24FEB2021,81 a 90,M,Sputnik,Publico,10,2
24FEB2021,91 o mas,F,Covishield,Privado,20,0
24FEB2021,91 o mas,F,Covishield,Publico,483,0
24FEB2021,91 o mas,F,Sputnik,Publico,1,0
24FEB2021,91 o mas,M,Covishield,Privado,11,0
24FEB2021,91 o mas,M,Covishield,Publico,152,0
24FEB2021,91 o mas,M,Sputnik,Publico,1,0
25FEB2021,30 o menos,F,Covishield,Privado,1,0
25FEB2021,30 o menos,F,Covishield,Publico,17,0
25FEB2021,30 o menos,F,Sputnik,Privado,141,14
25FEB2021,30 o menos,F,Sputnik,Publico,217,103
25FEB2021,30 o menos,F,Sputnik,Publico nacional,3,15
25FEB2021,30 o menos,M,Covishield,Publico,7,0
25FEB2021,30 o menos,M,Sputnik,Privado,61,6
25FEB2021,30 o menos,M,Sputnik,Publico,115,31
25FEB2021,30 o menos,M,Sputnik,Publico nacional,1,2
25FEB2021,31 a 40,F,Covishield,Privado,1,0
25FEB2021,31 a 40,F,Covishield,Publico,17,0
25FEB2021,31 a 40,F,Sputnik,Privado,337,25
25FEB2021,31 a 40,F,Sputnik,Publico,438,224
25FEB2021,31 a 40,F,Sputnik,Publico nacional,5,25
25FEB2021,31 a 40,M,Covishield,Privado,1,0
25FEB2021,31 a 40,M,Covishield,Publico,8,0
25FEB2021,31 a 40,M,Covishield,Publico nacional,1,0
25FEB2021,31 a 40,M,Sputnik,Privado,167,20
25FEB2021,31 a 40,M,Sputnik,Publico,228,76
25FEB2021,31 a 40,M,Sputnik,Publico nacional,8,5
25FEB2021,41 a 50,F,Covishield,Privado,1,0
25FEB2021,41 a 50,F,Covishield,Publico,22,0
25FEB2021,41 a 50,F,Sputnik,Privado,228,14
25FEB2021,41 a 50,F,Sputnik,Publico,348,239
25FEB2021,41 a 50,F,Sputnik,Publico nacional,11,13
25FEB2021,41 a 50,M,Covishield,Privado,1,0
25FEB2021,41 a 50,M,Covishield,Publico,11,0
25FEB2021,41 a 50,M,Sputnik,Privado,142,11
25FEB2021,41 a 50,M,Sputnik,Publico,198,105
25FEB2021,41 a 50,M,Sputnik,Publico nacional,8,9
25FEB2021,51 a 60,F,Covishield,Publico,12,0
25FEB2021,51 a 60,F,Sputnik,Privado,147,13
25FEB2021,51 a 60,F,Sputnik,Publico,327,240
25FEB2021,51 a 60,F,Sputnik,Publico nacional,27,18
25FEB2021,51 a 60,M,Covishield,Publico,6,0
25FEB2021,51 a 60,M,Sputnik,Privado,72,12
25FEB2021,51 a 60,M,Sputnik,Publico,160,93
25FEB2021,51 a 60,M,Sputnik,Publico nacional,15,6
25FEB2021,61 a 70,F,Covishield,Publico,5,0
25FEB2021,61 a 70,F,Sputnik,Privado,44,3
25FEB2021,61 a 70,F,Sputnik,Publico,183,240
25FEB2021,61 a 70,F,Sputnik,Publico nacional,3,8
25FEB2021,61 a 70,M,Covishield,Publico,6,0
25FEB2021,61 a 70,M,Sputnik,Privado,37,4
25FEB2021,61 a 70,M,Sputnik,Publico,125,154
25FEB2021,61 a 70,M,Sputnik,Publico nacional,7,8
25FEB2021,71 a 80,F,Covishield,Privado,53,0
25FEB2021,71 a 80,F,Covishield,Publico,413,0
25FEB2021,71 a 80,F,Sputnik,Privado,6,0
25FEB2021,71 a 80,F,Sputnik,Publico,31,31
25FEB2021,71 a 80,M,Covishield,Privado,31,0
25FEB2021,71 a 80,M,Covishield,Publico,230,0
25FEB2021,71 a 80,M,Sputnik,Privado,1,0
25FEB2021,71 a 80,M,Sputnik,Publico,23,34
25FEB2021,71 a 80,M,Sputnik,Publico nacional,4,0
25FEB2021,81 a 90,F,Covishield,Privado,211,0
25FEB2021,81 a 90,F,Covishield,Publico,2332,0
25FEB2021,81 a 90,F,Sputnik,Publico,5,3
25FEB2021,81 a 90,M,Covishield,Privado,139,0
25FEB2021,81 a 90,M,Covishield,Publico,1321,0
25FEB2021,81 a 90,M,Sputnik,Privado,3,0
25FEB2021,81 a 90,M,Sputnik,Publico,10,4
25FEB2021,91 o mas,F,Covishield,Privado,29,0
25FEB2021,91 o mas,F,Covishield,Publico,456,0
25FEB2021,91 o mas,M,Covishield,Privado,22,0
25FEB2021,91 o mas,M,Covishield,Publico,164,0
25FEB2021,91 o mas,M,Sputnik,Publico,1,1
26FEB2021,30 o menos,F,Covishield,Privado,1,0
26FEB2021,30 o menos,F,Covishield,Publico,21,0
26FEB2021,30 o menos,F,Covishield,Publico nacional,2,0
26FEB2021,30 o menos,F,Sputnik,Privado,107,53
26FEB2021,30 o menos,F,Sputnik,Publico,221,111
26FEB2021,30 o menos,F,Sputnik,Publico nacional,15,10
26FEB2021,30 o menos,M,Covishield,Privado,1,0
26FEB2021,30 o menos,M,Covishield,Publico,4,0
26FEB2021,30 o menos,M,Covishield,Publico nacional,1,0
26FEB2021,30 o menos,M,Sputnik,Privado,58,38
26FEB2021,30 o menos,M,Sputnik,Publico,89,41
26FEB2021,30 o menos,M,Sputnik,Publico nacional,5,4
26FEB2021,31 a 40,F,Covishield,Privado,7,0
26FEB2021,31 a 40,F,Covishield,Publico,22,0
26FEB2021,31 a 40,F,Covishield,Publico nacional,1,0
26FEB2021,31 a 40,F,Sputnik,Privado,246,102
26FEB2021,31 a 40,F,Sputnik,Publico,389,263
26FEB2021,31 a 40,F,Sputnik,Publico nacional,19,31
26FEB2021,31 a 40,M,Covishield,Privado,1,0
26FEB2021,31 a 40,M,Covishield,Publico,6,0
26FEB2021,31 a 40,M,Covishield,Publico nacional,3,0
26FEB2021,31 a 40,M,Sputnik,Privado,119,68
26FEB2021,31 a 40,M,Sputnik,Publico,173,119
26FEB2021,31 a 40,M,Sputnik,Publico nacional,12,7
26FEB2021,41 a 50,F,Covishield,Privado,2,0
26FEB2021,41 a 50,F,Covishield,Publico,15,0
26FEB2021,41 a 50,F,Covishield,Publico nacional,2,0
26FEB2021,41 a 50,F,Sputnik,Privado,221,76
26FEB2021,41 a 50,F,Sputnik,Publico,314,273
26FEB2021,41 a 50,F,Sputnik,Publico nacional,16,17
26FEB2021,41 a 50,M,Covishield,Privado,1,0
26FEB2021,41 a 50,M,Covishield,Publico,7,0
26FEB2021,41 a 50,M,Covishield,Publico nacional,2,0
26FEB2021,41 a 50,M,Sputnik,Privado,79,38
26FEB2021,41 a 50,M,Sputnik,Publico,129,89
26FEB2021,41 a 50,M,Sputnik,Publico nacional,11,6
26FEB2021,51 a 60,F,Covishield,Privado,2,0
26FEB2021,51 a 60,F,Covishield,Publico,11,0
26FEB2021,51 a 60,F,Covishield,Publico nacional,6,0
26FEB2021,51 a 60,F,Sputnik,Privado,112,59
26FEB2021,51 a 60,F,Sputnik,Publico,301,288
26FEB2021,51 a 60,F,Sputnik,Publico nacional,25,24
26FEB2021,51 a 60,M,Covishield,Publico,6,0
26FEB2021,51 a 60,M,Covishield,Publico nacional,3,0
17FEB2021,61 a 70,M,Sputnik,Publico nacional,2,0
17FEB2021,71 a 80,F,Sputnik,Publico,3,0
17FEB2021,71 a 80,M,Sputnik,Privado,8,0
17FEB2021,71 a 80,M,Sputnik,Publico,4,0
17FEB2021,81 a 90,F,Sputnik,Privado,1,0
17FEB2021,91 o mas,M,Sputnik,Publico,1,0
18FEB2021,30 o menos,F,Sputnik,Privado,131,11
18FEB2021,30 o menos,F,Sputnik,Publico,270,17
18FEB2021,30 o menos,F,Sputnik,Publico nacional,27,2
18FEB2021,30 o menos,M,Sputnik,Privado,72,4
18FEB2021,30 o menos,M,Sputnik,Publico,89,11
18FEB2021,30 o menos,M,Sputnik,Publico nacional,12,1
18FEB2021,31 a 40,F,Sputnik,Privado,281,21
18FEB2021,31 a 40,F,Sputnik,Publico,476,38
18FEB2021,31 a 40,F,Sputnik,Publico nacional,26,0
18FEB2021,31 a 40,M,Sputnik,Privado,158,17
18FEB2021,31 a 40,M,Sputnik,Publico,235,18
18FEB2021,31 a 40,M,Sputnik,Publico nacional,23,1
18FEB2021,41 a 50,F,Sputnik,Privado,199,16
18FEB2021,41 a 50,F,Sputnik,Publico,601,36
18FEB2021,41 a 50,F,Sputnik,Publico nacional,33,1
18FEB2021,41 a 50,M,Sputnik,Privado,98,7
18FEB2021,41 a 50,M,Sputnik,Publico,176,24
18FEB2021,41 a 50,M,Sputnik,Publico nacional,16,3
18FEB2021,51 a 60,F,Sputnik,Privado,114,5
18FEB2021,51 a 60,F,Sputnik,Publico,506,12
18FEB2021,51 a 60,F,Sputnik,Publico nacional,30,2
18FEB2021,51 a 60,M,Sputnik,Privado,77,0
18FEB2021,51 a 60,M,Sputnik,Publico,204,10
18FEB2021,51 a 60,M,Sputnik,Publico nacional,12,2
18FEB2021,61 a 70,F,Sputnik,Privado,43,0
18FEB2021,61 a 70,F,Sputnik,Publico,295,0
18FEB2021,61 a 70,F,Sputnik,Publico nacional,12,0
18FEB2021,61 a 70,M,Sputnik,Privado,54,0
18FEB2021,61 a 70,M,Sputnik,Publico,181,0
18FEB2021,61 a 70,M,Sputnik,Publico nacional,7,0
18FEB2021,71 a 80,F,Sputnik,Privado,5,0
18FEB2021,71 a 80,F,Sputnik,Publico,86,0
18FEB2021,71 a 80,M,Sputnik,Privado,14,0
18FEB2021,71 a 80,M,Sputnik,Publico,60,0
18FEB2021,71 a 80,M,Sputnik,Publico nacional,1,0
18FEB2021,81 a 90,F,Sputnik,Publico,6,0
18FEB2021,81 a 90,M,Sputnik,Privado,3,0
18FEB2021,81 a 90,M,Sputnik,Publico,17,0
19FEB2021,30 o menos,F,Sputnik,Privado,114,4
19FEB2021,30 o menos,F,Sputnik,Publico,292,20
19FEB2021,30 o menos,F,Sputnik,Publico nacional,25,5
19FEB2021,30 o menos,M,Sputnik,Privado,50,0
19FEB2021,30 o menos,M,Sputnik,Publico,104,6
19FEB2021,30 o menos,M,Sputnik,Publico nacional,15,1
19FEB2021,31 a 40,F,Sputnik,Privado,264,8
19FEB2021,31 a 40,F,Sputnik,Publico,554,31
19FEB2021,31 a 40,F,Sputnik,Publico nacional,37,7
19FEB2021,31 a 40,M,Sputnik,Privado,127,3
19FEB2021,31 a 40,M,Sputnik,Publico,197,17
19FEB2021,31 a 40,M,Sputnik,Publico nacional,33,2
19FEB2021,41 a 50,F,Sputnik,Privado,160,2
19FEB2021,41 a 50,F,Sputnik,Publico,602,34
19FEB2021,41 a 50,F,Sputnik,Publico nacional,23,1
19FEB2021,41 a 50,M,Sputnik,Privado,99,4
19FEB2021,41 a 50,M,Sputnik,Publico,209,11
19FEB2021,41 a 50,M,Sputnik,Publico nacional,21,0
19FEB2021,51 a 60,F,Sputnik,Privado,88,4
19FEB2021,51 a 60,F,Sputnik,Publico,511,15
19FEB2021,51 a 60,F,Sputnik,Publico nacional,24,1
19FEB2021,51 a 60,M,Sputnik,Privado,60,1
19FEB2021,51 a 60,M,Sputnik,Publico,184,12
19FEB2021,51 a 60,M,Sputnik,Publico nacional,10,1
19FEB2021,61 a 70,F,Sputnik,Privado,25,0
19FEB2021,61 a 70,F,Sputnik,Publico,273,0
19FEB2021,61 a 70,F,Sputnik,Publico nacional,13,0
21JAN2021,30 o menos,M,Sputnik,Publico nacional,1,0
21JAN2021,31 a 40,F,Sputnik,Privado,1,0
21JAN2021,31 a 40,F,Sputnik,Publico,7,38
21JAN2021,31 a 40,F,Sputnik,Publico nacional,5,0
21JAN2021,31 a 40,M,Sputnik,Publico,0,36
21JAN2021,31 a 40,M,Sputnik,Publico nacional,8,0
21JAN2021,41 a 50,F,Sputnik,Publico,9,44
21JAN2021,41 a 50,F,Sputnik,Publico nacional,9,0
21JAN2021,41 a 50,M,Sputnik,Publico,2,29
21JAN2021,41 a 50,M,Sputnik,Publico nacional,3,0
21JAN2021,51 a 60,F,Sputnik,Privado,1,0
21JAN2021,51 a 60,F,Sputnik,Publico,8,27
21JAN2021,51 a 60,F,Sputnik,Publico nacional,5,0
21JAN2021,51 a 60,M,Sputnik,Publico,4,17
21JAN2021,51 a 60,M,Sputnik,Publico nacional,1,0
21JAN2021,61 a 70,F,Sputnik,Publico nacional,1,0
21JAN2021,61 a 70,M,Sputnik,Publico,3,1
21JAN2021,61 a 70,M,Sputnik,Publico nacional,1,0
22JAN2021,30 o menos,F,Sputnik,Publico,2,8
22JAN2021,30 o menos,M,Sputnik,Publico,0,6
22JAN2021,31 a 40,F,Sputnik,Publico,0,14
22JAN2021,31 a 40,M,Sputnik,Publico,0,13
22JAN2021,41 a 50,F,Sputnik,Publico,3,14
22JAN2021,41 a 50,M,Sputnik,Publico,0,12
22JAN2021,51 a 60,F,Sputnik,Publico,0,7
22JAN2021,51 a 60,M,Sputnik,Publico,0,2
22JAN2021,61 a 70,F,Sputnik,Publico,0,1
23JAN2021,30 o menos,F,Sputnik,Publico,1,22
23JAN2021,30 o menos,M,Sputnik,Publico,0,10
23JAN2021,31 a 40,F,Sputnik,Publico,3,78
23JAN2021,31 a 40,M,Sputnik,Publico,0,45
23JAN2021,41 a 50,F,Sputnik,Publico,1,57
23JAN2021,41 a 50,M,Sputnik,Publico,0,39
23JAN2021,51 a 60,F,Sputnik,Publico,0,42
23JAN2021,51 a 60,M,Sputnik,Publico,0,24
23JAN2021,61 a 70,M,Sputnik,Publico,0,1
23JAN2021,81 a 90,F,Sputnik,Publico,1,0
24JAN2021,30 o menos,F,Sputnik,Publico,0,10
24JAN2021,30 o menos,M,Sputnik,Publico,0,5
24JAN2021,31 a 40,F,Sputnik,Publico,0,37
24JAN2021,31 a 40,M,Sputnik,Publico,0,20
24JAN2021,41 a 50,F,Sputnik,Publico,0,24
24JAN2021,41 a 50,M,Sputnik,Publico,0,11
24JAN2021,51 a 60,F,Sputnik,Publico,0,16
24JAN2021,51 a 60,M,Sputnik,Publico,0,7
25JAN2021,30 o menos,F,Sputnik,Privado,0,9
25JAN2021,30 o menos,F,Sputnik,Publico,0,64
25JAN2021,30 o menos,F,Sputnik,Publico nacional,1,2
25JAN2021,30 o menos,M,Sputnik,Privado,0,5
25JAN2021,30 o menos,M,Sputnik,Publico,0,40
25JAN2021,31 a 40,F,Sputnik,Privado,0,15
25JAN2021,31 a 40,F,Sputnik,Publico,1,128
25JAN2021,31 a 40,F,Sputnik,Publico nacional,0,4
25JAN2021,31 a 40,M,Sputnik,Privado,0,8
25JAN2021,31 a 40,M,Sputnik,Publico,0,72
25JAN2021,31 a 40,M,Sputnik,Publico nacional,0,3
25JAN2021,41 a 50,F,Sputnik,Privado,0,8
25JAN2021,41 a 50,F,Sputnik,Publico,0,133
25JAN2021,41 a 50,F,Sputnik,Publico nacional,0,1
25JAN2021,41 a 50,M,Sputnik,Privado,0,3
25JAN2021,41 a 50,M,Sputnik,Publico,0,74
25JAN2021,41 a 50,M,Sputnik,Publico nacional,0,3
25JAN2021,51 a 60,F,Sputnik,Privado,0,4
25JAN2021,51 a 60,F,Sputnik,Publico,1,84
25JAN2021,51 a 60,F,Sputnik,Publico nacional,0,1
25JAN2021,51 a 60,M,Sputnik,Privado,0,2
25JAN2021,51 a 60,M,Sputnik,Publico,1,62
25JAN2021,51 a 60,M,Sputnik,Publico nacional,0,1
25JAN2021,61 a 70,F,Sputnik,Publico,0,1
25JAN2021,61 a 70,M,Sputnik,Privado,0,1
25JAN2021,61 a 70,M,Sputnik,Publico,0,1
26JAN2021,30 o menos,F,Sputnik,Privado,1,11
26JAN2021,30 o menos,F,Sputnik,Publico,1,83
26JAN2021,30 o menos,F,Sputnik,Publico nacional,0,9
26JAN2021,30 o menos,M,Sputnik,Privado,0,2
26JAN2021,30 o menos,M,Sputnik,Publico,0,36
26JAN2021,30 o menos,M,Sputnik,Publico nacional,0,2
26JAN2021,31 a 40,F,Sputnik,Privado,2,22
26JAN2021,31 a 40,F,Sputnik,Publico,0,146
26JAN2021,31 a 40,F,Sputnik,Publico nacional,0,15
26JAN2021,31 a 40,M,Sputnik,Privado,0,17
26JAN2021,31 a 40,M,Sputnik,Publico,1,120
26JAN2021,31 a 40,M,Sputnik,Publico nacional,0,6
26JAN2021,41 a 50,F,Sputnik,Privado,1,19
26JAN2021,41 a 50,F,Sputnik,Publico,2,167
26JAN2021,41 a 50,F,Sputnik,Publico nacional,0,21
26JAN2021,41 a 50,M,Sputnik,Privado,0,4
26JAN2021,41 a 50,M,Sputnik,Publico,0,93
26JAN2021,41 a 50,M,Sputnik,Publico nacional,0,7
26JAN2021,51 a 60,F,Sputnik,Privado,0,6
26JAN2021,51 a 60,F,Sputnik,Publico,0,117
26JAN2021,51 a 60,F,Sputnik,Publico nacional,0,13
26JAN2021,51 a 60,M,Sputnik,Publico,0,68
26JAN2021,51 a 60,M,Sputnik,Publico nacional,0,5
26JAN2021,61 a 70,F,Sputnik,Publico,0,4
26JAN2021,61 a 70,M,Sputnik,Privado,1,0
26JAN2021,61 a 70,M,Sputnik,Publico,0,2
27JAN2021,30 o menos,F,Sputnik,Privado,0,1
27JAN2021,30 o menos,F,Sputnik,Publico,0,109
27JAN2021,30 o menos,F,Sputnik,Publico nacional,0,6
27JAN2021,30 o menos,M,Sputnik,Privado,1,3
27JAN2021,30 o menos,M,Sputnik,Publico,0,64
27JAN2021,30 o menos,M,Sputnik,Publico nacional,0,6
27JAN2021,31 a 40,F,Sputnik,Privado,1,8
27JAN2021,31 a 40,F,Sputnik,Publico,1,173
27JAN2021,31 a 40,F,Sputnik,Publico nacional,0,14
27JAN2021,31 a 40,M,Sputnik,Privado,0,14
27JAN2021,31 a 40,M,Sputnik,Publico,0,145
27JAN2021,31 a 40,M,Sputnik,Publico nacional,0,11
27JAN2021,41 a 50,F,Sputnik,Privado,1,14
27JAN2021,41 a 50,F,Sputnik,Publico,0,173
27JAN2021,41 a 50,F,Sputnik,Publico nacional,0,5
27JAN2021,41 a 50,M,Sputnik,Privado,0,10
27JAN2021,41 a 50,M,Sputnik,Publico,0,96
27JAN2021,41 a 50,M,Sputnik,Publico nacional,0,10
27JAN2021,51 a 60,F,Sputnik,Privado,0,1
27JAN2021,51 a 60,F,Sputnik,Publico,2,149
27JAN2021,51 a 60,F,Sputnik,Publico nacional,0,3
27JAN2021,51 a 60,M,Sputnik,Privado,0,5
27JAN2021,51 a 60,M,Sputnik,Publico,0,72
27JAN2021,51 a 60,M,Sputnik,Publico nacional,0,5
27JAN2021,61 a 70,F,Sputnik,Publico,0,1
27JAN2021,61 a 70,M,Sputnik,Publico,0,2
28JAN2021,30 o menos,F,Sputnik,Privado,0,9
28JAN2021,30 o menos,F,Sputnik,Publico,0,129
28JAN2021,30 o menos,F,Sputnik,Publico nacional,0,7
28JAN2021,30 o menos,M,Sputnik,Privado,0,6
28JAN2021,30 o menos,M,Sputnik,Publico,0,67
28JAN2021,30 o menos,M,Sputnik,Publico nacional,0,2
28JAN2021,31 a 40,F,Sputnik,Privado,0,21
28JAN2021,31 a 40,F,Sputnik,Publico,0,243
28JAN2021,31 a 40,F,Sputnik,Publico nacional,0,9
28JAN2021,31 a 40,M,Sputnik,Privado,0,16
28JAN2021,31 a 40,M,Sputnik,Publico,0,128
28JAN2021,31 a 40,M,Sputnik,Publico nacional,0,8
28JAN2021,41 a 50,F,Sputnik,Privado,0,14
28JAN2021,41 a 50,F,Sputnik,Publico,0,207
28JAN2021,41 a 50,F,Sputnik,Publico nacional,0,6
28JAN2021,41 a 50,M,Sputnik,Privado,0,10
28JAN2021,41 a 50,M,Sputnik,Publico,1,112
28JAN2021,41 a 50,M,Sputnik,Publico nacional,0,5
28JAN2021,51 a 60,F,Sputnik,Privado,0,5
28JAN2021,51 a 60,F,Sputnik,Publico,1,155
28JAN2021,51 a 60,F,Sputnik,Publico nacional,0,4
28JAN2021,51 a 60,M,Sputnik,Privado,0,2
28JAN2021,51 a 60,M,Sputnik,Publico,0,97
28JAN2021,51 a 60,M,Sputnik,Publico nacional,0,4
29JAN2021,30 o menos,F,Sputnik,Privado,0,31
29JAN2021,30 o menos,F,Sputnik,Publico,0,144
29JAN2021,30 o menos,F,Sputnik,Publico nacional,0,11
29JAN2021,30 o menos,M,Sputnik,Privado,0,22
29JAN2021,30 o menos,M,Sputnik,Publico,0,75
29JAN2021,30 o menos,M,Sputnik,Publico nacional,0,5
29JAN2021,31 a 40,F,Sputnik,Privado,0,43
29JAN2021,31 a 40,F,Sputnik,Publico,4,308
29JAN2021,31 a 40,F,Sputnik,Publico nacional,0,20
29JAN2021,31 a 40,M,Sputnik,Privado,1,52
29JAN2021,31 a 40,M,Sputnik,Publico,2,171
29JAN2021,31 a 40,M,Sputnik,Publico nacional,0,16
29JAN2021,41 a 50,F,Sputnik,Privado,0,32
29JAN2021,41 a 50,F,Sputnik,Publico,0,266
29JAN2021,41 a 50,F,Sputnik,Publico nacional,0,9
29JAN2021,41 a 50,M,Sputnik,Privado,0,23
29JAN2021,41 a 50,M,Sputnik,Publico,1,150
29JAN2021,41 a 50,M,Sputnik,Publico nacional,0,6
29JAN2021,51 a 60,F,Sputnik,Privado,0,13
29JAN2021,51 a 60,F,Sputnik,Publico,0,166
29JAN2021,51 a 60,F,Sputnik,Publico nacional,0,11
29JAN2021,51 a 60,M,Sputnik,Privado,0,16
29JAN2021,51 a 60,M,Sputnik,Publico,0,86
29JAN2021,51 a 60,M,Sputnik,Publico nacional,0,3
29JAN2021,61 a 70,F,Sputnik,Privado,0,1
29JAN2021,61 a 70,F,Sputnik,Publico,0,3
29JAN2021,61 a 70,M,Sputnik,Publico,1,2
29JAN2021,61 a 70,M,Sputnik,Publico nacional,0,1
30JAN2021,30 o menos,F,Sputnik,Privado,0,4
30JAN2021,30 o menos,F,Sputnik,Publico,0,26
30JAN2021,30 o menos,F,Sputnik,Publico nacional,0,11
30JAN2021,30 o menos,M,Sputnik,Publico,0,18
30JAN2021,31 a 40,F,Sputnik,Privado,0,2
30JAN2021,31 a 40,F,Sputnik,Publico,0,89
30JAN2021,31 a 40,F,Sputnik,Publico nacional,0,12
30JAN2021,31 a 40,M,Sputnik,Privado,0,5
30JAN2021,31 a 40,M,Sputnik,Publico,0,51
30JAN2021,31 a 40,M,Sputnik,Publico nacional,0,4
30JAN2021,41 a 50,F,Sputnik,Privado,0,3
30JAN2021,41 a 50,F,Sputnik,Publico,0,67
30JAN2021,41 a 50,F,Sputnik,Publico nacional,0,9
30JAN2021,41 a 50,M,Sputnik,Privado,0,1
30JAN2021,41 a 50,M,Sputnik,Publico,0,38
30JAN2021,41 a 50,M,Sputnik,Publico nacional,0,6
30JAN2021,51 a 60,F,Sputnik,Privado,0,1
30JAN2021,51 a 60,F,Sputnik,Publico,0,36
30JAN2021,51 a 60,F,Sputnik,Publico nacional,0,3
30JAN2021,51 a 60,M,Sputnik,Publico,0,28
30JAN2021,51 a 60,M,Sputnik,Publico nacional,0,1
31JAN2021,30 o menos,F,Sputnik,Privado,0,3
31JAN2021,30 o menos,F,Sputnik,Publico,0,30
31JAN2021,30 o menos,M,Sputnik,Privado,0,3
31JAN2021,30 o menos,M,Sputnik,Publico,0,20
31JAN2021,31 a 40,F,Sputnik,Privado,0,13
31JAN2021,31 a 40,F,Sputnik,Publico,0,80
31JAN2021,31 a 40,M,Sputnik,Privado,0,6
31JAN2021,31 a 40,M,Sputnik,Publico,0,36
31JAN2021,41 a 50,F,Sputnik,Privado,0,4
31JAN2021,41 a 50,F,Sputnik,Publico,0,56
31JAN2021,41 a 50,M,Sputnik,Privado,0,4
31JAN2021,41 a 50,M,Sputnik,Publico,0,28
31JAN2021,51 a 60,F,Sputnik,Publico,0,39
31JAN2021,51 a 60,M,Sputnik,Privado,0,1
31JAN2021,51 a 60,M,Sputnik,Publico,0,18
31JAN2021,61 a 70,M,Sputnik,Publico,0,1
01FEB2021,30 o menos,F,Sputnik,Privado,0,32
01FEB2021,30 o menos,F,Sputnik,Publico,0,127
01FEB2021,30 o menos,F,Sputnik,Publico nacional,0,16
01FEB2021,30 o menos,M,Sputnik,Privado,0,15
01FEB2021,30 o menos,M,Sputnik,Publico,0,67
01FEB2021,30 o menos,M,Sputnik,Publico nacional,0,9
01FEB2021,31 a 40,F,Sputnik,Privado,0,62
01FEB2021,31 a 40,F,Sputnik,Publico,0,247
01FEB2021,31 a 40,F,Sputnik,Publico nacional,0,23
01FEB2021,31 a 40,M,Sputnik,Privado,0,46
01FEB2021,31 a 40,M,Sputnik,Publico,0,164
01FEB2021,31 a 40,M,Sputnik,Publico nacional,0,15
01FEB2021,41 a 50,F,Sputnik,Privado,0,27
01FEB2021,41 a 50,F,Sputnik,Publico,1,214
01FEB2021,41 a 50,F,Sputnik,Publico nacional,0,13
01FEB2021,41 a 50,M,Sputnik,Privado,0,27
01FEB2021,41 a 50,M,Sputnik,Publico,0,117
01FEB2021,41 a 50,M,Sputnik,Publico nacional,0,5
01FEB2021,51 a 60,F,Sputnik,Privado,0,13
01FEB2021,51 a 60,F,Sputnik,Publico,0,157
01FEB2021,51 a 60,F,Sputnik,Publico nacional,0,7
01FEB2021,51 a 60,M,Sputnik,Privado,0,11
01FEB2021,51 a 60,M,Sputnik,Publico,0,64
01FEB2021,51 a 60,M,Sputnik,Publico nacional,0,5
01FEB2021,61 a 70,F,Sputnik,Privado,0,1
01FEB2021,61 a 70,F,Sputnik,Publico,0,3
01FEB2021,61 a 70,M,Sputnik,Privado,0,1
02FEB2021,30 o menos,F,Sputnik,Privado,8,12
02FEB2021,30 o menos,F,Sputnik,Publico,60,148
02FEB2021,30 o menos,F,Sputnik,Publico nacional,5,12
02FEB2021,30 o menos,M,Sputnik,Privado,3,10
02FEB2021,30 o menos,M,Sputnik,Publico,21,70
02FEB2021,30 o menos,M,Sputnik,Publico nacional,1,8
02FEB2021,31 a 40,F,Sputnik,Privado,18,37
02FEB2021,31 a 40,F,Sputnik,Publico,137,233
02FEB2021,31 a 40,F,Sputnik,Publico nacional,9,30
02FEB2021,31 a 40,M,Sputnik,Privado,19,35
02FEB2021,31 a 40,M,Sputnik,Publico,66,145
02FEB2021,31 a 40,M,Sputnik,Publico nacional,4,19
02FEB2021,41 a 50,F,Sputnik,Privado,19,29
02FEB2021,41 a 50,F,Sputnik,Publico,151,215
02FEB2021,41 a 50,F,Sputnik,Publico nacional,15,10
02FEB2021,41 a 50,M,Sputnik,Privado,5,19
02FEB2021,41 a 50,M,Sputnik,Publico,62,98
02FEB2021,41 a 50,M,Sputnik,Publico nacional,6,13
02FEB2021,51 a 60,F,Sputnik,Privado,11,11
02FEB2021,51 a 60,F,Sputnik,Publico,229,185
02FEB2021,51 a 60,F,Sputnik,Publico nacional,14,14
02FEB2021,51 a 60,M,Sputnik,Privado,6,5
02FEB2021,51 a 60,M,Sputnik,Publico,110,93
02FEB2021,51 a 60,M,Sputnik,Publico nacional,5,6
02FEB2021,61 a 70,F,Sputnik,Privado,2,0
02FEB2021,61 a 70,F,Sputnik,Publico,335,0
02FEB2021,61 a 70,F,Sputnik,Publico nacional,25,0
02FEB2021,61 a 70,M,Sputnik,Privado,7,0
02FEB2021,61 a 70,M,Sputnik,Publico,277,0
02FEB2021,61 a 70,M,Sputnik,Publico nacional,22,1
02FEB2021,71 a 80,F,Sputnik,Publico,29,0
02FEB2021,71 a 80,M,Sputnik,Privado,2,0
02FEB2021,71 a 80,M,Sputnik,Publico,33,0
02FEB2021,71 a 80,M,Sputnik,Publico nacional,2,0
02FEB2021,81 a 90,F,Sputnik,Publico,1,0
02FEB2021,81 a 90,M,Sputnik,Publico,5,0
02FEB2021,91 o mas,M,Sputnik,Publico,1,0
03FEB2021,30 o menos,F,Sputnik,Privado,60,22
03FEB2021,30 o menos,F,Sputnik,Publico,93,115
03FEB2021,30 o menos,F,Sputnik,Publico nacional,13,23
03FEB2021,30 o menos,M,Sputnik,Privado,31,15
03FEB2021,30 o menos,M,Sputnik,Publico,30,50
03FEB2021,30 o menos,M,Sputnik,Publico nacional,3,9
03FEB2021,31 a 40,F,Sputnik,Privado,106,61
02MAR2021,30 o menos,F,Covishield,Privado,17,0
02MAR2021,30 o menos,F,Covishield,Publico,1,0
02MAR2021,30 o menos,F,Sinopharm,Publico,37,0
02MAR2021,30 o menos,F,Sputnik,Privado,46,10
02MAR2021,30 o menos,F,Sputnik,Publico,35,81
02MAR2021,30 o menos,F,Sputnik,Publico nacional,0,8
02MAR2021,30 o menos,M,Covishield,Privado,4,0
02MAR2021,30 o menos,M,Covishield,Publico,1,0
02MAR2021,30 o menos,M,Sinopharm,Publico,3,0
02MAR2021,30 o menos,M,Sputnik,Privado,28,4
02MAR2021,30 o menos,M,Sputnik,Publico,19,29
02MAR2021,30 o menos,M,Sputnik,Publico nacional,0,6
02MAR2021,31 a 40,F,Covishield,Publico,3,0
02MAR2021,31 a 40,F,Sinopharm,Publico,45,0
02MAR2021,31 a 40,F,Sputnik,Privado,78,23
02MAR2021,31 a 40,F,Sputnik,Publico,112,132
02MAR2021,31 a 40,F,Sputnik,Publico nacional,0,9
02MAR2021,31 a 40,M,Covishield,Privado,4,0
02MAR2021,31 a 40,M,Covishield,Publico,2,0
02MAR2021,31 a 40,M,Sinopharm,Publico,10,0
02MAR2021,31 a 40,M,Sputnik,Privado,33,15
02MAR2021,31 a 40,M,Sputnik,Publico,37,68
02MAR2021,31 a 40,M,Sputnik,Publico nacional,0,14
02MAR2021,41 a 50,F,Covishield,Privado,15,0
02MAR2021,41 a 50,F,Covishield,Publico,1,0
02MAR2021,41 a 50,F,Sinopharm,Publico,18,0
02MAR2021,41 a 50,F,Sputnik,Privado,44,23
02MAR2021,41 a 50,F,Sputnik,Publico,115,148
02MAR2021,41 a 50,F,Sputnik,Publico nacional,0,2
02MAR2021,41 a 50,M,Sinopharm,Publico,2,0
02MAR2021,41 a 50,M,Sputnik,Privado,26,6
02MAR2021,41 a 50,M,Sputnik,Publico,45,53
02MAR2021,41 a 50,M,Sputnik,Publico nacional,0,9
02MAR2021,51 a 60,F,Covishield,Privado,2,0
02MAR2021,51 a 60,F,Covishield,Publico,2,0
02MAR2021,51 a 60,F,Sinopharm,Publico,5,0
02MAR2021,51 a 60,F,Sputnik,Privado,12,8
02MAR2021,51 a 60,F,Sputnik,Publico,116,155
02MAR2021,51 a 60,F,Sputnik,Publico nacional,0,4
02MAR2021,51 a 60,M,Covishield,Privado,1,0
02MAR2021,51 a 60,M,Covishield,Publico,3,0
02MAR2021,51 a 60,M,Sinopharm,Publico,2,0
02MAR2021,51 a 60,M,Sputnik,Privado,10,5
02MAR2021,51 a 60,M,Sputnik,Publico,45,65
02MAR2021,51 a 60,M,Sputnik,Publico nacional,0,6
02MAR2021,61 a 70,F,Covishield,Publico,24,0
02MAR2021,61 a 70,F,Sputnik,Privado,7,1
02MAR2021,61 a 70,F,Sputnik,Publico,131,114
02MAR2021,61 a 70,F,Sputnik,Publico nacional,0,1
02MAR2021,61 a 70,M,Covishield,Publico,4,0
02MAR2021,61 a 70,M,Sputnik,Privado,7,1
02MAR2021,61 a 70,M,Sputnik,Publico,64,79
02MAR2021,61 a 70,M,Sputnik,Publico nacional,0,1
02MAR2021,71 a 80,F,Covishield,Privado,25,0
02MAR2021,71 a 80,F,Covishield,Publico,384,1
02MAR2021,71 a 80,F,Sinopharm,Privado,1,0
02MAR2021,71 a 80,F,Sputnik,Publico,51,5
02MAR2021,71 a 80,M,Covishield,Privado,15,0
02MAR2021,71 a 80,M,Covishield,Publico,229,0
02MAR2021,71 a 80,M,Sputnik,Publico,67,10
02MAR2021,81 a 90,F,Covishield,Privado,153,0
02MAR2021,81 a 90,F,Covishield,Publico,2306,0
02MAR2021,81 a 90,F,Sputnik,Publico,9,0
02MAR2021,81 a 90,M,Covishield,Privado,94,0
02MAR2021,81 a 90,M,Covishield,Publico,1258,0
02MAR2021,81 a 90,M,Sputnik,Publico,17,5
02MAR2021,91 o mas,F,Covishield,Privado,26,0
02MAR2021,91 o mas,F,Covishield,Publico,400,0
02MAR2021,91 o mas,M,Covishield,Privado,7,0
02MAR2021,91 o mas,M,Covishield,Publico,179,0
24JAN2021,41 a 50,F,Sputnik,Privado,1,0
02MAR2021,31 a 40,F,Covishield,Privado,10,0
02MAR2021,41 a 50,M,Covishield,Privado,4,0
02MAR2021,61 a 70,F,Covishield,Privado,1,0
02MAR2021,61 a 70,M,Covishield,Privado,2,0
19FEB2021,61 a 70,M,Sputnik,Privado,34,0
19FEB2021,61 a 70,M,Sputnik,Publico,141,0
19FEB2021,61 a 70,M,Sputnik,Publico nacional,14,0
19FEB2021,71 a 80,F,Sputnik,Privado,4,0
19FEB2021,71 a 80,F,Sputnik,Publico,98,0
19FEB2021,71 a 80,F,Sputnik,Publico nacional,1,0
19FEB2021,71 a 80,M,Sputnik,Privado,8,0
19FEB2021,71 a 80,M,Sputnik,Publico,51,0
19FEB2021,71 a 80,M,Sputnik,Publico nacional,3,0
19FEB2021,81 a 90,F,Sputnik,Publico,9,0
19FEB2021,81 a 90,M,Sputnik,Privado,2,0
19FEB2021,81 a 90,M,Sputnik,Publico,9,0
19FEB2021,91 o mas,M,Sputnik,Publico,1,0
19FEB2021,91 o mas,M,Sputnik,Publico nacional,1,0
20FEB2021,30 o menos,F,Sputnik,Privado,35,0
20FEB2021,30 o menos,F,Sputnik,Publico,31,3
20FEB2021,30 o menos,M,Sputnik,Privado,14,0
20FEB2021,30 o menos,M,Sputnik,Publico,23,1
20FEB2021,31 a 40,F,Sputnik,Privado,65,0
20FEB2021,31 a 40,F,Sputnik,Publico,125,6
20FEB2021,31 a 40,F,Sputnik,Publico nacional,6,0
20FEB2021,31 a 40,M,Sputnik,Privado,30,0
20FEB2021,31 a 40,M,Sputnik,Publico,79,2
20FEB2021,31 a 40,M,Sputnik,Publico nacional,3,0
20FEB2021,41 a 50,F,Sputnik,Privado,37,0
20FEB2021,41 a 50,F,Sputnik,Publico,127,2
20FEB2021,41 a 50,F,Sputnik,Publico nacional,2,0
20FEB2021,41 a 50,M,Sputnik,Privado,27,0
20FEB2021,41 a 50,M,Sputnik,Publico,67,1
20FEB2021,41 a 50,M,Sputnik,Publico nacional,1,0
20FEB2021,51 a 60,F,Sputnik,Privado,41,0
20FEB2021,51 a 60,F,Sputnik,Publico,94,0
20FEB2021,51 a 60,M,Sputnik,Privado,13,0
20FEB2021,51 a 60,M,Sputnik,Publico,67,0
20FEB2021,61 a 70,F,Sputnik,Privado,5,0
20FEB2021,61 a 70,F,Sputnik,Publico,73,0
20FEB2021,61 a 70,M,Sputnik,Privado,13,0
20FEB2021,61 a 70,M,Sputnik,Publico,38,0
20FEB2021,71 a 80,F,Sputnik,Publico,5,0
20FEB2021,71 a 80,M,Sputnik,Privado,6,0
20FEB2021,71 a 80,M,Sputnik,Publico,11,0
20FEB2021,81 a 90,F,Sputnik,Publico,1,0
20FEB2021,81 a 90,M,Sputnik,Publico,1,0
21FEB2021,30 o menos,F,Sputnik,Privado,28,0
21FEB2021,30 o menos,F,Sputnik,Publico,34,0
21FEB2021,30 o menos,M,Covishield,Privado,2,0
21FEB2021,30 o menos,M,Sputnik,Privado,16,0
21FEB2021,30 o menos,M,Sputnik,Publico,16,0
21FEB2021,31 a 40,F,Covishield,Privado,1,0
21FEB2021,31 a 40,F,Sputnik,Privado,86,0
21FEB2021,31 a 40,F,Sputnik,Publico,93,0
21FEB2021,31 a 40,M,Covishield,Privado,1,0
21FEB2021,31 a 40,M,Sputnik,Privado,32,0
21FEB2021,31 a 40,M,Sputnik,Publico,60,0
21FEB2021,41 a 50,F,Covishield,Privado,1,0
21FEB2021,41 a 50,F,Sputnik,Privado,43,0
21FEB2021,41 a 50,F,Sputnik,Publico,82,0
21FEB2021,41 a 50,M,Sputnik,Privado,22,0
21FEB2021,41 a 50,M,Sputnik,Publico,57,0
21FEB2021,51 a 60,F,Sputnik,Privado,18,0
21FEB2021,51 a 60,F,Sputnik,Publico,64,0
21FEB2021,51 a 60,M,Sputnik,Privado,14,0
21FEB2021,51 a 60,M,Sputnik,Publico,64,0
21FEB2021,61 a 70,F,Sputnik,Privado,4,0
21FEB2021,61 a 70,F,Sputnik,Publico,25,0
21FEB2021,61 a 70,M,Sputnik,Privado,7,0
21FEB2021,61 a 70,M,Sputnik,Publico,24,0
21FEB2021,71 a 80,F,Sputnik,Publico,5,0
21FEB2021,71 a 80,M,Sputnik,Privado,4,0
21FEB2021,71 a 80,M,Sputnik,Publico,3,0
21FEB2021,81 a 90,M,Sputnik,Publico,2,0
26FEB2021,51 a 60,M,Sputnik,Privado,69,24
26FEB2021,51 a 60,M,Sputnik,Publico,129,132
26FEB2021,51 a 60,M,Sputnik,Publico nacional,3,13
26FEB2021,61 a 70,F,Covishield,Publico,20,0
26FEB2021,61 a 70,F,Covishield,Publico nacional,1,0
26FEB2021,61 a 70,F,Sputnik,Privado,42,10
26FEB2021,61 a 70,F,Sputnik,Publico,145,249
26FEB2021,61 a 70,F,Sputnik,Publico nacional,3,12
26FEB2021,61 a 70,M,Covishield,Publico,27,0
26FEB2021,61 a 70,M,Sputnik,Privado,32,10
26FEB2021,61 a 70,M,Sputnik,Publico,112,163
26FEB2021,61 a 70,M,Sputnik,Publico nacional,1,10
26FEB2021,71 a 80,F,Covishield,Privado,27,0
26FEB2021,71 a 80,F,Covishield,Publico,404,0
26FEB2021,71 a 80,F,Sputnik,Privado,1,1
26FEB2021,71 a 80,F,Sputnik,Publico,35,41
26FEB2021,71 a 80,M,Covishield,Privado,25,0
26FEB2021,71 a 80,M,Covishield,Publico,237,0
26FEB2021,71 a 80,M,Sputnik,Privado,5,5
26FEB2021,71 a 80,M,Sputnik,Publico,27,43
26FEB2021,71 a 80,M,Sputnik,Publico nacional,0,2
26FEB2021,81 a 90,F,Covishield,Privado,205,0
26FEB2021,81 a 90,F,Covishield,Publico,2473,0
26FEB2021,81 a 90,F,Sputnik,Privado,1,0
26FEB2021,81 a 90,F,Sputnik,Publico,1,3
26FEB2021,81 a 90,M,Covishield,Privado,132,0
26FEB2021,81 a 90,M,Covishield,Publico,1255,0
26FEB2021,81 a 90,M,Sputnik,Privado,3,0
26FEB2021,81 a 90,M,Sputnik,Publico,7,4
26FEB2021,91 o mas,F,Covishield,Privado,38,0
26FEB2021,91 o mas,F,Covishield,Publico,494,0
26FEB2021,91 o mas,M,Covishield,Privado,16,0
26FEB2021,91 o mas,M,Covishield,Publico,160,0
27FEB2021,30 o menos,F,Covishield,Privado,5,0
27FEB2021,30 o menos,F,Sputnik,Privado,10,4
27FEB2021,30 o menos,F,Sputnik,Publico,42,7
27FEB2021,30 o menos,F,Sputnik,Publico nacional,2,1
27FEB2021,30 o menos,M,Sputnik,Privado,2,1
27FEB2021,30 o menos,M,Sputnik,Publico,33,2
27FEB2021,30 o menos,M,Sputnik,Publico nacional,2,0
27FEB2021,31 a 40,F,Covishield,Privado,5,0
27FEB2021,31 a 40,F,Covishield,Publico,2,0
27FEB2021,31 a 40,F,Sputnik,Privado,16,7
27FEB2021,31 a 40,F,Sputnik,Publico,74,13
27FEB2021,31 a 40,F,Sputnik,Publico nacional,1,3
27FEB2021,31 a 40,M,Sputnik,Privado,17,2
27FEB2021,31 a 40,M,Sputnik,Publico,68,8
27FEB2021,31 a 40,M,Sputnik,Publico nacional,0,1
27FEB2021,41 a 50,F,Covishield,Privado,3,0
27FEB2021,41 a 50,F,Sputnik,Privado,24,1
27FEB2021,41 a 50,F,Sputnik,Publico,73,13
27FEB2021,41 a 50,F,Sputnik,Publico nacional,1,2
27FEB2021,41 a 50,M,Covishield,Privado,1,0
27FEB2021,41 a 50,M,Sputnik,Privado,8,0
27FEB2021,41 a 50,M,Sputnik,Publico,68,9
27FEB2021,41 a 50,M,Sputnik,Publico nacional,0,1
27FEB2021,51 a 60,F,Covishield,Privado,1,0
27FEB2021,51 a 60,F,Covishield,Publico,2,0
27FEB2021,51 a 60,F,Sputnik,Privado,10,2
27FEB2021,51 a 60,F,Sputnik,Publico,70,18
27FEB2021,51 a 60,F,Sputnik,Publico nacional,0,2
27FEB2021,51 a 60,M,Covishield,Publico,3,0
27FEB2021,51 a 60,M,Sputnik,Privado,4,1
27FEB2021,51 a 60,M,Sputnik,Publico,47,4
27FEB2021,51 a 60,M,Sputnik,Publico nacional,1,0
27FEB2021,61 a 70,F,Covishield,Publico,9,0
27FEB2021,61 a 70,F,Sputnik,Privado,5,0
27FEB2021,61 a 70,F,Sputnik,Publico,74,10
27FEB2021,61 a 70,M,Covishield,Publico,8,0
27FEB2021,61 a 70,M,Sputnik,Privado,1,0
27FEB2021,61 a 70,M,Sputnik,Publico,35,5
27FEB2021,71 a 80,F,Covishield,Privado,39,0
27FEB2021,71 a 80,F,Covishield,Publico,43,0
27FEB2021,71 a 80,F,Sputnik,Privado,1,0
27FEB2021,71 a 80,F,Sputnik,Publico,28,0
27FEB2021,71 a 80,M,Covishield,Privado,19,0
27FEB2021,71 a 80,M,Covishield,Publico,17,0
27FEB2021,71 a 80,M,Sputnik,Privado,2,0
27FEB2021,71 a 80,M,Sputnik,Publico,15,0
27FEB2021,81 a 90,F,Covishield,Privado,156,0
27FEB2021,81 a 90,F,Covishield,Publico,100,0
27FEB2021,81 a 90,F,Sputnik,Privado,1,0
27FEB2021,81 a 90,F,Sputnik,Publico,1,0
27FEB2021,81 a 90,M,Covishield,Privado,68,0
27FEB2021,81 a 90,M,Covishield,Publico,12,0
27FEB2021,81 a 90,M,Sputnik,Publico,5,0
27FEB2021,91 o mas,F,Covishield,Privado,28,0
27FEB2021,91 o mas,F,Covishield,Publico,64,0
27FEB2021,91 o mas,M,Covishield,Privado,11,0
27FEB2021,91 o mas,M,Covishield,Publico,1,0
28FEB2021,30 o menos,F,Sputnik,Privado,0,4
28FEB2021,30 o menos,F,Sputnik,Publico,7,2
28FEB2021,30 o menos,F,Sputnik,Publico nacional,0,1
28FEB2021,30 o menos,M,Sputnik,Privado,0,2
28FEB2021,30 o menos,M,Sputnik,Publico,3,5
28FEB2021,31 a 40,F,Sputnik,Privado,0,13
28FEB2021,31 a 40,F,Sputnik,Publico,10,24
28FEB2021,31 a 40,F,Sputnik,Publico nacional,0,3
28FEB2021,31 a 40,M,Sputnik,Privado,0,7
28FEB2021,31 a 40,M,Sputnik,Publico,6,6
28FEB2021,31 a 40,M,Sputnik,Publico nacional,0,2
28FEB2021,41 a 50,F,Sputnik,Privado,0,6
28FEB2021,41 a 50,F,Sputnik,Publico,6,7
28FEB2021,41 a 50,F,Sputnik,Publico nacional,0,5
28FEB2021,41 a 50,M,Sputnik,Privado,0,6
28FEB2021,41 a 50,M,Sputnik,Publico,2,4
28FEB2021,41 a 50,M,Sputnik,Publico nacional,0,3
28FEB2021,51 a 60,F,Sputnik,Privado,0,2
28FEB2021,51 a 60,F,Sputnik,Publico,5,1
28FEB2021,51 a 60,F,Sputnik,Publico nacional,0,3
28FEB2021,51 a 60,M,Covishield,Privado,1,0
28FEB2021,51 a 60,M,Sputnik,Publico,2,7
28FEB2021,51 a 60,M,Sputnik,Publico nacional,0,1
28FEB2021,61 a 70,F,Covishield,Privado,1,0
28FEB2021,61 a 70,F,Covishield,Publico,14,0
28FEB2021,61 a 70,F,Sputnik,Publico,10,4
28FEB2021,61 a 70,M,Covishield,Privado,5,0
28FEB2021,61 a 70,M,Covishield,Publico,14,0
28FEB2021,61 a 70,M,Sputnik,Privado,0,2
28FEB2021,61 a 70,M,Sputnik,Publico,6,5
28FEB2021,71 a 80,F,Covishield,Privado,4,0
28FEB2021,71 a 80,F,Covishield,Publico,32,0
28FEB2021,71 a 80,M,Covishield,Privado,4,0
28FEB2021,71 a 80,M,Covishield,Publico,9,0
28FEB2021,71 a 80,M,Sputnik,Privado,0,1
28FEB2021,71 a 80,M,Sputnik,Publico,1,0
28FEB2021,81 a 90,F,Covishield,Privado,15,0
28FEB2021,81 a 90,F,Covishield,Publico,65,0
28FEB2021,81 a 90,F,Sputnik,Publico,1,0
28FEB2021,81 a 90,M,Covishield,Privado,10,0
28FEB2021,81 a 90,M,Covishield,Publico,10,0
28FEB2021,81 a 90,M,Sputnik,Publico,1,0
28FEB2021,91 o mas,F,Covishield,Privado,2,0
28FEB2021,91 o mas,F,Covishield,Publico,46,0
28FEB2021,91 o mas,M,Covishield,Publico,3,0
01MAR2021,30 o menos,F,Covishield,Publico,6,0
01MAR2021,30 o menos,F,Sputnik,Privado,43,25
01MAR2021,30 o menos,F,Sputnik,Publico,64,46
01MAR2021,30 o menos,F,Sputnik,Publico nacional,0,11
01MAR2021,30 o menos,M,Covishield,Publico,2,0
01MAR2021,30 o menos,M,Sputnik,Privado,32,3
01MAR2021,30 o menos,M,Sputnik,Publico,22,24
01MAR2021,30 o menos,M,Sputnik,Publico nacional,0,7
01MAR2021,31 a 40,F,Covishield,Privado,1,0
01MAR2021,31 a 40,F,Covishield,Publico,3,0
01MAR2021,31 a 40,F,Sputnik,Privado,81,54
01MAR2021,31 a 40,F,Sputnik,Publico,168,119
01MAR2021,31 a 40,F,Sputnik,Publico nacional,0,34
01MAR2021,31 a 40,M,Covishield,Privado,1,0
01MAR2021,31 a 40,M,Covishield,Publico,2,0
01MAR2021,31 a 40,M,Sputnik,Privado,53,24
01MAR2021,31 a 40,M,Sputnik,Publico,84,42
01MAR2021,31 a 40,M,Sputnik,Publico nacional,0,19
01MAR2021,41 a 50,F,Covishield,Publico,8,0
01MAR2021,41 a 50,F,Sputnik,Privado,38,29
01MAR2021,41 a 50,F,Sputnik,Publico,146,107
01MAR2021,41 a 50,F,Sputnik,Publico nacional,0,19
01MAR2021,41 a 50,M,Sputnik,Privado,32,23
01MAR2021,41 a 50,M,Sputnik,Publico,74,59
01MAR2021,41 a 50,M,Sputnik,Publico nacional,0,8
01MAR2021,51 a 60,F,Covishield,Publico,3,0
01MAR2021,51 a 60,F,Sputnik,Privado,39,14
01MAR2021,51 a 60,F,Sputnik,Publico,158,117
01MAR2021,51 a 60,F,Sputnik,Publico nacional,0,18
01MAR2021,51 a 60,M,Covishield,Publico,3,0
01MAR2021,51 a 60,M,Sputnik,Privado,15,2
01MAR2021,51 a 60,M,Sputnik,Publico,73,43
01MAR2021,51 a 60,M,Sputnik,Publico nacional,0,7
01MAR2021,61 a 70,F,Covishield,Publico,9,0
01MAR2021,61 a 70,F,Sputnik,Privado,16,3
01MAR2021,61 a 70,F,Sputnik,Publico,117,76
01MAR2021,61 a 70,F,Sputnik,Publico nacional,0,18
01MAR2021,61 a 70,M,Covishield,Publico,28,0
01MAR2021,61 a 70,M,Sputnik,Privado,11,2
01MAR2021,61 a 70,M,Sputnik,Publico,63,70
01MAR2021,61 a 70,M,Sputnik,Publico nacional,0,11
01MAR2021,71 a 80,F,Covishield,Privado,38,0
01MAR2021,71 a 80,F,Covishield,Publico,404,0
01MAR2021,71 a 80,F,Sputnik,Privado,1,0
01MAR2021,71 a 80,F,Sputnik,Publico,51,10
01MAR2021,71 a 80,M,Covishield,Privado,29,0
01MAR2021,71 a 80,M,Covishield,Publico,264,1
01MAR2021,71 a 80,M,Sputnik,Privado,4,1
01MAR2021,71 a 80,M,Sputnik,Publico,24,8
01MAR2021,81 a 90,F,Covishield,Privado,222,0
01MAR2021,81 a 90,F,Covishield,Publico,2581,0
01MAR2021,81 a 90,F,Sputnik,Privado,1,0
01MAR2021,81 a 90,F,Sputnik,Publico,5,0
01MAR2021,81 a 90,M,Covishield,Privado,130,0
01MAR2021,81 a 90,M,Covishield,Publico,1276,0
01MAR2021,81 a 90,M,Sputnik,Publico,4,0
01MAR2021,91 o mas,F,Covishield,Privado,28,0
01MAR2021,91 o mas,F,Covishield,Publico,474,0
01MAR2021,91 o mas,M,Covishield,Privado,14,0
01MAR2021,91 o mas,M,Covishield,Publico,161,0
13JAN2021,41 a 50,M,Sputnik,Publico nacional,19,0
13JAN2021,51 a 60,F,Sputnik,Privado,25,0
13JAN2021,51 a 60,F,Sputnik,Publico,116,0
13JAN2021,51 a 60,F,Sputnik,Publico nacional,14,0
13JAN2021,51 a 60,M,Sputnik,Privado,15,0
13JAN2021,51 a 60,M,Sputnik,Publico,66,0
13JAN2021,51 a 60,M,Sputnik,Publico nacional,12,0
13JAN2021,61 a 70,M,Sputnik,Publico,1,0
14JAN2021,30 o menos,F,Sputnik,Privado,79,0
14JAN2021,30 o menos,F,Sputnik,Publico,150,0
14JAN2021,30 o menos,F,Sputnik,Publico nacional,53,0
14JAN2021,30 o menos,M,Sputnik,Privado,44,0
14JAN2021,30 o menos,M,Sputnik,Publico,96,0
14JAN2021,30 o menos,M,Sputnik,Publico nacional,26,0
14JAN2021,31 a 40,F,Sputnik,Privado,161,0
14JAN2021,31 a 40,F,Sputnik,Publico,267,0
14JAN2021,31 a 40,F,Sputnik,Publico nacional,60,0
14JAN2021,31 a 40,M,Sputnik,Privado,116,0
14JAN2021,31 a 40,M,Sputnik,Publico,135,0
14JAN2021,31 a 40,M,Sputnik,Publico nacional,41,0
14JAN2021,41 a 50,F,Sputnik,Privado,117,0
14JAN2021,41 a 50,F,Sputnik,Publico,237,0
14JAN2021,41 a 50,F,Sputnik,Publico nacional,42,0
14JAN2021,41 a 50,M,Sputnik,Privado,52,0
14JAN2021,41 a 50,M,Sputnik,Publico,142,0
14JAN2021,41 a 50,M,Sputnik,Publico nacional,27,0
14JAN2021,51 a 60,F,Sputnik,Privado,54,0
14JAN2021,51 a 60,F,Sputnik,Publico,175,0
14JAN2021,51 a 60,F,Sputnik,Publico nacional,27,0
14JAN2021,51 a 60,M,Sputnik,Privado,28,0
14JAN2021,51 a 60,M,Sputnik,Publico,85,0
14JAN2021,51 a 60,M,Sputnik,Publico nacional,12,0
14JAN2021,61 a 70,F,Sputnik,Publico,1,0
15JAN2021,30 o menos,F,Sputnik,Privado,157,0
15JAN2021,30 o menos,F,Sputnik,Publico,262,0
15JAN2021,30 o menos,F,Sputnik,Publico nacional,37,0
15JAN2021,30 o menos,M,Sputnik,Privado,69,0
15JAN2021,30 o menos,M,Sputnik,Publico,130,0
15JAN2021,30 o menos,M,Sputnik,Publico nacional,16,0
15JAN2021,31 a 40,F,Sputnik,Privado,253,0
15JAN2021,31 a 40,F,Sputnik,Publico,471,0
15JAN2021,31 a 40,F,Sputnik,Publico nacional,50,0
15JAN2021,31 a 40,M,Sputnik,Privado,159,0
15JAN2021,31 a 40,M,Sputnik,Publico,281,0
15JAN2021,31 a 40,M,Sputnik,Publico nacional,27,0
15JAN2021,41 a 50,F,Sputnik,Privado,165,0
15JAN2021,41 a 50,F,Sputnik,Publico,401,0
15JAN2021,41 a 50,F,Sputnik,Publico nacional,51,0
15JAN2021,41 a 50,M,Sputnik,Privado,95,0
15JAN2021,41 a 50,M,Sputnik,Publico,182,0
15JAN2021,41 a 50,M,Sputnik,Publico nacional,31,0
15JAN2021,51 a 60,F,Sputnik,Privado,72,0
15JAN2021,51 a 60,F,Sputnik,Publico,287,0
15JAN2021,51 a 60,F,Sputnik,Publico nacional,27,0
15JAN2021,51 a 60,M,Sputnik,Privado,48,0
15JAN2021,51 a 60,M,Sputnik,Publico,147,0
15JAN2021,51 a 60,M,Sputnik,Publico nacional,12,0
15JAN2021,61 a 70,F,Sputnik,Privado,2,0
15JAN2021,61 a 70,F,Sputnik,Publico,1,0
16JAN2021,30 o menos,F,Sputnik,Privado,40,0
16JAN2021,30 o menos,F,Sputnik,Publico,100,0
16JAN2021,30 o menos,F,Sputnik,Publico nacional,13,0
16JAN2021,30 o menos,M,Sputnik,Privado,21,0
16JAN2021,30 o menos,M,Sputnik,Publico,68,0
16JAN2021,30 o menos,M,Sputnik,Publico nacional,7,0
16JAN2021,31 a 40,F,Sputnik,Privado,96,0
16JAN2021,31 a 40,F,Sputnik,Publico,206,0
16JAN2021,31 a 40,F,Sputnik,Publico nacional,27,0
16JAN2021,31 a 40,M,Sputnik,Privado,57,0
16JAN2021,31 a 40,M,Sputnik,Publico,103,0
16JAN2021,31 a 40,M,Sputnik,Publico nacional,19,0
16JAN2021,41 a 50,F,Sputnik,Privado,35,0
16JAN2021,41 a 50,F,Sputnik,Publico,192,0
16JAN2021,41 a 50,F,Sputnik,Publico nacional,18,0
16JAN2021,41 a 50,M,Sputnik,Privado,19,0
16JAN2021,41 a 50,M,Sputnik,Publico,95,0
16JAN2021,41 a 50,M,Sputnik,Publico nacional,5,0
16JAN2021,51 a 60,F,Sputnik,Privado,22,0
16JAN2021,51 a 60,F,Sputnik,Publico,103,0
16JAN2021,51 a 60,F,Sputnik,Publico nacional,8,0
16JAN2021,51 a 60,M,Sputnik,Privado,16,0
16JAN2021,51 a 60,M,Sputnik,Publico,60,0
16JAN2021,51 a 60,M,Sputnik,Publico nacional,5,0
17JAN2021,30 o menos,F,Sputnik,Privado,49,0
17JAN2021,30 o menos,F,Sputnik,Publico,36,0
17JAN2021,30 o menos,F,Sputnik,Publico nacional,8,0
17JAN2021,30 o menos,M,Sputnik,Privado,24,0
17JAN2021,30 o menos,M,Sputnik,Publico,25,0
17JAN2021,30 o menos,M,Sputnik,Publico nacional,17,0
17JAN2021,31 a 40,F,Sputnik,Privado,97,0
17JAN2021,31 a 40,F,Sputnik,Publico,107,0
17JAN2021,31 a 40,F,Sputnik,Publico nacional,11,0
17JAN2021,31 a 40,M,Sputnik,Privado,41,0
17JAN2021,31 a 40,M,Sputnik,Publico,59,0
17JAN2021,31 a 40,M,Sputnik,Publico nacional,12,0
17JAN2021,41 a 50,F,Sputnik,Privado,40,0
17JAN2021,41 a 50,F,Sputnik,Publico,102,0
17JAN2021,41 a 50,F,Sputnik,Publico nacional,13,0
17JAN2021,41 a 50,M,Sputnik,Privado,20,0
17JAN2021,41 a 50,M,Sputnik,Publico,40,0
17JAN2021,41 a 50,M,Sputnik,Publico nacional,11,0
17JAN2021,51 a 60,F,Sputnik,Privado,16,0
17JAN2021,51 a 60,F,Sputnik,Publico,59,0
17JAN2021,51 a 60,F,Sputnik,Publico nacional,9,0
17JAN2021,51 a 60,M,Sputnik,Privado,10,0
17JAN2021,51 a 60,M,Sputnik,Publico,23,0
17JAN2021,51 a 60,M,Sputnik,Publico nacional,1,0
18JAN2021,30 o menos,F,Sputnik,Privado,6,0
18JAN2021,30 o menos,F,Sputnik,Publico,31,0
18JAN2021,30 o menos,F,Sputnik,Publico nacional,17,0
18JAN2021,30 o menos,M,Sputnik,Privado,4,0
18JAN2021,30 o menos,M,Sputnik,Publico,15,0
18JAN2021,30 o menos,M,Sputnik,Publico nacional,9,0
18JAN2021,31 a 40,F,Sputnik,Privado,24,0
18JAN2021,31 a 40,F,Sputnik,Publico,52,0
18JAN2021,31 a 40,F,Sputnik,Publico nacional,28,0
18JAN2021,31 a 40,M,Sputnik,Privado,10,0
18JAN2021,31 a 40,M,Sputnik,Publico,35,0
18JAN2021,31 a 40,M,Sputnik,Publico nacional,16,0
18JAN2021,41 a 50,F,Sputnik,Privado,16,0
18JAN2021,41 a 50,F,Sputnik,Publico,63,0
18JAN2021,41 a 50,F,Sputnik,Publico nacional,26,0
18JAN2021,41 a 50,M,Sputnik,Privado,17,0
18JAN2021,41 a 50,M,Sputnik,Publico,29,0
18JAN2021,41 a 50,M,Sputnik,Publico nacional,11,0
18JAN2021,51 a 60,F,Sputnik,Privado,12,0
18JAN2021,51 a 60,F,Sputnik,Publico,32,0
18JAN2021,51 a 60,F,Sputnik,Publico nacional,11,0
18JAN2021,51 a 60,M,Sputnik,Privado,10,0
18JAN2021,51 a 60,M,Sputnik,Publico,24,0
18JAN2021,51 a 60,M,Sputnik,Publico nacional,9,0
18JAN2021,61 a 70,M,Sputnik,Privado,1,0
19JAN2021,30 o menos,F,Sputnik,Privado,13,0
19JAN2021,30 o menos,F,Sputnik,Publico,23,30
19JAN2021,30 o menos,F,Sputnik,Publico nacional,1,0
19JAN2021,30 o menos,M,Sputnik,Privado,5,0
19JAN2021,30 o menos,M,Sputnik,Publico,13,16
19JAN2021,30 o menos,M,Sputnik,Publico nacional,2,0
19JAN2021,31 a 40,F,Sputnik,Privado,36,0
19JAN2021,31 a 40,F,Sputnik,Publico,51,83
19JAN2021,31 a 40,M,Sputnik,Privado,13,0
19JAN2021,31 a 40,M,Sputnik,Publico,16,51
19JAN2021,31 a 40,M,Sputnik,Publico nacional,2,0
19JAN2021,41 a 50,F,Sputnik,Privado,20,0
19JAN2021,41 a 50,F,Sputnik,Publico,34,90
19JAN2021,41 a 50,F,Sputnik,Publico nacional,3,0
19JAN2021,41 a 50,M,Sputnik,Privado,9,0
19JAN2021,41 a 50,M,Sputnik,Publico,24,60
19JAN2021,41 a 50,M,Sputnik,Publico nacional,2,0
19JAN2021,51 a 60,F,Sputnik,Privado,8,0
19JAN2021,51 a 60,F,Sputnik,Publico,24,54
19JAN2021,51 a 60,F,Sputnik,Publico nacional,1,0
19JAN2021,51 a 60,M,Sputnik,Privado,9,0
19JAN2021,51 a 60,M,Sputnik,Publico,23,38
19JAN2021,51 a 60,M,Sputnik,Publico nacional,1,0
19JAN2021,61 a 70,F,Sputnik,Publico,0,1
19JAN2021,61 a 70,M,Sputnik,Publico,0,2
20JAN2021,30 o menos,F,Sputnik,Privado,13,0
20JAN2021,30 o menos,F,Sputnik,Publico,4,70
20JAN2021,30 o menos,F,Sputnik,Publico nacional,8,0
20JAN2021,30 o menos,M,Sputnik,Privado,3,0
20JAN2021,30 o menos,M,Sputnik,Publico,0,26
20JAN2021,30 o menos,M,Sputnik,Publico nacional,2,0
20JAN2021,31 a 40,F,Sputnik,Privado,17,0
20JAN2021,31 a 40,F,Sputnik,Publico,2,125
20JAN2021,31 a 40,F,Sputnik,Publico nacional,6,0
20JAN2021,31 a 40,M,Sputnik,Privado,8,0
20JAN2021,31 a 40,M,Sputnik,Publico,1,93
20JAN2021,31 a 40,M,Sputnik,Publico nacional,5,0
20JAN2021,41 a 50,F,Sputnik,Privado,19,0
20JAN2021,41 a 50,F,Sputnik,Publico,2,127
20JAN2021,41 a 50,F,Sputnik,Publico nacional,11,0
20JAN2021,41 a 50,M,Sputnik,Privado,5,0
20JAN2021,41 a 50,M,Sputnik,Publico,3,73
20JAN2021,41 a 50,M,Sputnik,Publico nacional,8,0
20JAN2021,51 a 60,F,Sputnik,Privado,12,0
20JAN2021,51 a 60,F,Sputnik,Publico,0,75
20JAN2021,51 a 60,F,Sputnik,Publico nacional,11,0
20JAN2021,51 a 60,M,Sputnik,Privado,5,0
20JAN2021,51 a 60,M,Sputnik,Publico,0,54
20JAN2021,51 a 60,M,Sputnik,Publico nacional,5,0
20JAN2021,61 a 70,F,Sputnik,Privado,1,0
20JAN2021,61 a 70,F,Sputnik,Publico,0,1
21JAN2021,30 o menos,F,Sputnik,Publico,4,21
21JAN2021,30 o menos,F,Sputnik,Publico nacional,5,0
21JAN2021,30 o menos,M,Sputnik,Privado,1,0
21JAN2021,30 o menos,M,Sputnik,Publico,4,17
29DEC2020,30 o menos,F,Sputnik,Publico,76,0
29DEC2020,30 o menos,M,Sputnik,Publico,44,0
29DEC2020,31 a 40,F,Sputnik,Publico,147,0
29DEC2020,31 a 40,M,Sputnik,Publico,104,0
29DEC2020,41 a 50,F,Sputnik,Publico,154,0
29DEC2020,41 a 50,M,Sputnik,Publico,94,0
29DEC2020,51 a 60,F,Sputnik,Publico,100,0
29DEC2020,51 a 60,M,Sputnik,Publico,57,0
29DEC2020,61 a 70,F,Sputnik,Publico,2,0
29DEC2020,61 a 70,M,Sputnik,Publico,1,0
30DEC2020,30 o menos,F,Sputnik,Publico,111,0
30DEC2020,30 o menos,M,Sputnik,Publico,51,0
30DEC2020,31 a 40,F,Sputnik,Publico,173,0
30DEC2020,31 a 40,M,Sputnik,Publico,122,0
30DEC2020,41 a 50,F,Sputnik,Publico,177,0
30DEC2020,41 a 50,M,Sputnik,Publico,96,0
30DEC2020,51 a 60,F,Sputnik,Publico,103,0
30DEC2020,51 a 60,M,Sputnik,Publico,68,0
30DEC2020,61 a 70,F,Sputnik,Publico,1,0
30DEC2020,61 a 70,M,Sputnik,Publico,2,0
31DEC2020,30 o menos,F,Sputnik,Publico,3,0
31DEC2020,30 o menos,M,Sputnik,Publico,7,0
31DEC2020,31 a 40,F,Sputnik,Publico,17,0
31DEC2020,31 a 40,M,Sputnik,Publico,14,0
31DEC2020,41 a 50,F,Sputnik,Publico,21,0
31DEC2020,41 a 50,M,Sputnik,Publico,15,0
31DEC2020,51 a 60,F,Sputnik,Publico,8,0
31DEC2020,51 a 60,M,Sputnik,Publico,9,0
31DEC2020,61 a 70,F,Sputnik,Publico,1,0
02JAN2021,30 o menos,F,Sputnik,Publico,33,0
02JAN2021,30 o menos,M,Sputnik,Publico,14,0
02JAN2021,31 a 40,F,Sputnik,Publico,108,0
02JAN2021,31 a 40,M,Sputnik,Publico,58,0
02JAN2021,41 a 50,F,Sputnik,Publico,78,0
02JAN2021,41 a 50,M,Sputnik,Publico,50,0
02JAN2021,51 a 60,F,Sputnik,Publico,56,0
02JAN2021,51 a 60,M,Sputnik,Publico,30,0
02JAN2021,61 a 70,F,Sputnik,Publico,2,0
02JAN2021,61 a 70,M,Sputnik,Publico,1,0
03JAN2021,30 o menos,F,Sputnik,Publico,17,0
03JAN2021,30 o menos,M,Sputnik,Publico,9,0
03JAN2021,31 a 40,F,Sputnik,Publico,48,0
03JAN2021,31 a 40,M,Sputnik,Publico,25,0
03JAN2021,41 a 50,F,Sputnik,Publico,30,0
03JAN2021,41 a 50,M,Sputnik,Publico,12,0
03JAN2021,51 a 60,F,Sputnik,Publico,19,0
03JAN2021,51 a 60,M,Sputnik,Publico,9,0
04JAN2021,30 o menos,F,Sputnik,Privado,11,0
04JAN2021,30 o menos,F,Sputnik,Publico,89,0
04JAN2021,30 o menos,F,Sputnik,Publico nacional,5,0
04JAN2021,30 o menos,M,Sputnik,Privado,6,0
04JAN2021,30 o menos,M,Sputnik,Publico,56,0
04JAN2021,31 a 40,F,Sputnik,Privado,15,0
04JAN2021,31 a 40,F,Sputnik,Publico,178,0
04JAN2021,31 a 40,F,Sputnik,Publico nacional,9,0
04JAN2021,31 a 40,M,Sputnik,Privado,9,0
04JAN2021,31 a 40,M,Sputnik,Publico,102,0
04JAN2021,31 a 40,M,Sputnik,Publico nacional,5,0
04JAN2021,41 a 50,F,Sputnik,Privado,10,0
04JAN2021,41 a 50,F,Sputnik,Publico,162,0
04JAN2021,41 a 50,F,Sputnik,Publico nacional,3,0
04JAN2021,41 a 50,M,Sputnik,Privado,4,0
04JAN2021,41 a 50,M,Sputnik,Publico,94,0
04JAN2021,41 a 50,M,Sputnik,Publico nacional,5,0
04JAN2021,51 a 60,F,Sputnik,Privado,4,0
04JAN2021,51 a 60,F,Sputnik,Publico,99,0
04JAN2021,51 a 60,F,Sputnik,Publico nacional,2,0
04JAN2021,51 a 60,M,Sputnik,Privado,2,0
04JAN2021,51 a 60,M,Sputnik,Publico,71,0
04JAN2021,51 a 60,M,Sputnik,Publico nacional,1,0
04JAN2021,61 a 70,M,Sputnik,Privado,1,0
05JAN2021,30 o menos,F,Sputnik,Privado,29,0
05JAN2021,30 o menos,F,Sputnik,Publico,93,0
05JAN2021,30 o menos,F,Sputnik,Publico nacional,16,0
05JAN2021,30 o menos,M,Sputnik,Privado,15,0
05JAN2021,30 o menos,M,Sputnik,Publico,56,0
05JAN2021,30 o menos,M,Sputnik,Publico nacional,4,0
05JAN2021,31 a 40,F,Sputnik,Privado,60,0
05JAN2021,31 a 40,F,Sputnik,Publico,184,0
05JAN2021,31 a 40,F,Sputnik,Publico nacional,28,0
05JAN2021,31 a 40,M,Sputnik,Privado,49,0
05JAN2021,31 a 40,M,Sputnik,Publico,157,0
05JAN2021,31 a 40,M,Sputnik,Publico nacional,10,0
05JAN2021,41 a 50,F,Sputnik,Privado,28,0
05JAN2021,41 a 50,F,Sputnik,Publico,193,0
05JAN2021,41 a 50,F,Sputnik,Publico nacional,26,0
05JAN2021,41 a 50,M,Sputnik,Privado,15,0
05JAN2021,41 a 50,M,Sputnik,Publico,101,0
05JAN2021,41 a 50,M,Sputnik,Publico nacional,11,0
05JAN2021,51 a 60,F,Sputnik,Privado,9,0
05JAN2021,51 a 60,F,Sputnik,Publico,131,0
05JAN2021,51 a 60,F,Sputnik,Publico nacional,15,0
05JAN2021,51 a 60,M,Sputnik,Privado,8,0
05JAN2021,51 a 60,M,Sputnik,Publico,81,0
05JAN2021,51 a 60,M,Sputnik,Publico nacional,9,0
05JAN2021,61 a 70,F,Sputnik,Privado,1,0
05JAN2021,61 a 70,F,Sputnik,Publico,2,0
05JAN2021,61 a 70,M,Sputnik,Publico,1,0
05JAN2021,71 a 80,F,Sputnik,Privado,1,0
06JAN2021,30 o menos,F,Sputnik,Privado,23,0
06JAN2021,30 o menos,F,Sputnik,Publico,133,0
06JAN2021,30 o menos,F,Sputnik,Publico nacional,8,0
06JAN2021,30 o menos,M,Sputnik,Privado,12,0
06JAN2021,30 o menos,M,Sputnik,Publico,78,0
06JAN2021,30 o menos,M,Sputnik,Publico nacional,9,0
06JAN2021,31 a 40,F,Sputnik,Privado,43,0
06JAN2021,31 a 40,F,Sputnik,Publico,204,0
06JAN2021,31 a 40,F,Sputnik,Publico nacional,14,0
06JAN2021,31 a 40,M,Sputnik,Privado,44,0
06JAN2021,31 a 40,M,Sputnik,Publico,150,0
06JAN2021,31 a 40,M,Sputnik,Publico nacional,17,0
06JAN2021,41 a 50,F,Sputnik,Privado,28,0
06JAN2021,41 a 50,F,Sputnik,Publico,221,0
06JAN2021,41 a 50,F,Sputnik,Publico nacional,7,0
06JAN2021,41 a 50,M,Sputnik,Privado,28,0
06JAN2021,41 a 50,M,Sputnik,Publico,122,0
06JAN2021,41 a 50,M,Sputnik,Publico nacional,8,0
06JAN2021,51 a 60,F,Sputnik,Privado,5,0
06JAN2021,51 a 60,F,Sputnik,Publico,181,0
06JAN2021,51 a 60,F,Sputnik,Publico nacional,6,0
06JAN2021,51 a 60,M,Sputnik,Privado,8,0
06JAN2021,51 a 60,M,Sputnik,Publico,83,0
06JAN2021,51 a 60,M,Sputnik,Publico nacional,5,0
06JAN2021,61 a 70,F,Sputnik,Publico,1,0
06JAN2021,61 a 70,M,Sputnik,Publico,2,0
07JAN2021,30 o menos,F,Sputnik,Privado,7,0
07JAN2021,30 o menos,F,Sputnik,Publico,157,0
07JAN2021,30 o menos,F,Sputnik,Publico nacional,6,0
07JAN2021,30 o menos,M,Sputnik,Privado,8,0
07JAN2021,30 o menos,M,Sputnik,Publico,82,0
07JAN2021,31 a 40,F,Sputnik,Privado,18,0
07JAN2021,31 a 40,F,Sputnik,Publico,326,0
07JAN2021,31 a 40,F,Sputnik,Publico nacional,5,0
07JAN2021,31 a 40,M,Sputnik,Privado,24,0
07JAN2021,31 a 40,M,Sputnik,Publico,169,0
07JAN2021,31 a 40,M,Sputnik,Publico nacional,8,0
07JAN2021,41 a 50,F,Sputnik,Privado,20,0
07JAN2021,41 a 50,F,Sputnik,Publico,280,0
07JAN2021,41 a 50,F,Sputnik,Publico nacional,4,0
07JAN2021,41 a 50,M,Sputnik,Privado,10,0
07JAN2021,41 a 50,M,Sputnik,Publico,146,0
07JAN2021,41 a 50,M,Sputnik,Publico nacional,5,0
07JAN2021,51 a 60,F,Sputnik,Privado,8,0
07JAN2021,51 a 60,F,Sputnik,Publico,184,0
07JAN2021,51 a 60,F,Sputnik,Publico nacional,3,0
07JAN2021,51 a 60,M,Sputnik,Privado,2,0
07JAN2021,51 a 60,M,Sputnik,Publico,115,0
07JAN2021,51 a 60,M,Sputnik,Publico nacional,5,0
08JAN2021,30 o menos,F,Sputnik,Privado,17,0
08JAN2021,30 o menos,F,Sputnik,Publico,189,0
08JAN2021,30 o menos,F,Sputnik,Publico nacional,24,0
08JAN2021,30 o menos,M,Sputnik,Privado,9,0
08JAN2021,30 o menos,M,Sputnik,Publico,103,0
08JAN2021,30 o menos,M,Sputnik,Publico nacional,9,0
08JAN2021,31 a 40,F,Sputnik,Privado,16,0
08JAN2021,31 a 40,F,Sputnik,Publico,361,0
08JAN2021,31 a 40,F,Sputnik,Publico nacional,28,0
08JAN2021,31 a 40,M,Sputnik,Privado,14,0
08JAN2021,31 a 40,M,Sputnik,Publico,193,0
08JAN2021,31 a 40,M,Sputnik,Publico nacional,18,0
08JAN2021,41 a 50,F,Sputnik,Privado,28,0
08JAN2021,41 a 50,F,Sputnik,Publico,299,0
08JAN2021,41 a 50,F,Sputnik,Publico nacional,14,0
08JAN2021,41 a 50,M,Sputnik,Privado,18,0
08JAN2021,41 a 50,M,Sputnik,Publico,171,0
08JAN2021,41 a 50,M,Sputnik,Publico nacional,4,0
08JAN2021,51 a 60,F,Sputnik,Privado,14,0
08JAN2021,51 a 60,F,Sputnik,Publico,185,0
08JAN2021,51 a 60,F,Sputnik,Publico nacional,8,0
08JAN2021,51 a 60,M,Sputnik,Privado,16,0
08JAN2021,51 a 60,M,Sputnik,Publico,104,0
08JAN2021,51 a 60,M,Sputnik,Publico nacional,5,0
08JAN2021,61 a 70,F,Sputnik,Publico,3,0
08JAN2021,61 a 70,M,Sputnik,Publico,3,0
08JAN2021,61 a 70,M,Sputnik,Publico nacional,1,0
09JAN2021,30 o menos,F,Sputnik,Privado,3,0
09JAN2021,30 o menos,F,Sputnik,Publico,25,0
09JAN2021,30 o menos,F,Sputnik,Publico nacional,13,0
09JAN2021,30 o menos,M,Sputnik,Privado,1,0
09JAN2021,30 o menos,M,Sputnik,Publico,10,0
09JAN2021,30 o menos,M,Sputnik,Publico nacional,3,0
09JAN2021,31 a 40,F,Sputnik,Privado,4,0
09JAN2021,31 a 40,F,Sputnik,Publico,81,0
09JAN2021,31 a 40,F,Sputnik,Publico nacional,17,0
09JAN2021,31 a 40,M,Sputnik,Privado,9,0
09JAN2021,31 a 40,M,Sputnik,Publico,52,0
09JAN2021,31 a 40,M,Sputnik,Publico nacional,11,0
09JAN2021,41 a 50,F,Sputnik,Privado,2,0
09JAN2021,41 a 50,F,Sputnik,Publico,68,0
09JAN2021,41 a 50,F,Sputnik,Publico nacional,19,0
09JAN2021,41 a 50,M,Sputnik,Privado,3,0
09JAN2021,41 a 50,M,Sputnik,Publico,42,0
09JAN2021,41 a 50,M,Sputnik,Publico nacional,7,0
09JAN2021,51 a 60,F,Sputnik,Privado,3,0
09JAN2021,51 a 60,F,Sputnik,Publico,36,0
09JAN2021,51 a 60,F,Sputnik,Publico nacional,5,0
09JAN2021,51 a 60,M,Sputnik,Publico,30,0
09JAN2021,51 a 60,M,Sputnik,Publico nacional,1,0
10JAN2021,30 o menos,F,Sputnik,Privado,12,0
10JAN2021,30 o menos,F,Sputnik,Publico,36,0
10JAN2021,30 o menos,M,Sputnik,Privado,9,0
10JAN2021,30 o menos,M,Sputnik,Publico,24,0
10JAN2021,31 a 40,F,Sputnik,Privado,28,0
10JAN2021,31 a 40,F,Sputnik,Publico,125,0
10JAN2021,31 a 40,M,Sputnik,Privado,17,0
10JAN2021,31 a 40,M,Sputnik,Publico,72,0
10JAN2021,41 a 50,F,Sputnik,Privado,12,0
10JAN2021,41 a 50,F,Sputnik,Publico,92,0
10JAN2021,41 a 50,M,Sputnik,Privado,9,0
10JAN2021,41 a 50,M,Sputnik,Publico,45,0
10JAN2021,51 a 60,F,Sputnik,Privado,1,0
10JAN2021,51 a 60,F,Sputnik,Publico,59,0
10JAN2021,51 a 60,M,Sputnik,Privado,3,0
10JAN2021,51 a 60,M,Sputnik,Publico,28,0
10JAN2021,61 a 70,M,Sputnik,Privado,1,0
10JAN2021,61 a 70,M,Sputnik,Publico,1,0
11JAN2021,30 o menos,F,Sputnik,Privado,30,0
11JAN2021,30 o menos,F,Sputnik,Publico,203,0
11JAN2021,30 o menos,F,Sputnik,Publico nacional,26,0
11JAN2021,30 o menos,M,Sputnik,Privado,19,0
11JAN2021,30 o menos,M,Sputnik,Publico,86,0
11JAN2021,30 o menos,M,Sputnik,Publico nacional,9,0
11JAN2021,31 a 40,F,Sputnik,Privado,69,0
11JAN2021,31 a 40,F,Sputnik,Publico,297,0
11JAN2021,31 a 40,F,Sputnik,Publico nacional,38,0
11JAN2021,31 a 40,M,Sputnik,Privado,50,0
11JAN2021,31 a 40,M,Sputnik,Publico,198,0
11JAN2021,31 a 40,M,Sputnik,Publico nacional,19,0
11JAN2021,41 a 50,F,Sputnik,Privado,56,0
11JAN2021,41 a 50,F,Sputnik,Publico,257,0
11JAN2021,41 a 50,F,Sputnik,Publico nacional,15,0
11JAN2021,41 a 50,M,Sputnik,Privado,32,0
11JAN2021,41 a 50,M,Sputnik,Publico,133,0
11JAN2021,41 a 50,M,Sputnik,Publico nacional,11,0
11JAN2021,51 a 60,F,Sputnik,Privado,22,0
11JAN2021,51 a 60,F,Sputnik,Publico,176,0
11JAN2021,51 a 60,F,Sputnik,Publico nacional,10,0
11JAN2021,51 a 60,M,Sputnik,Privado,12,0
11JAN2021,51 a 60,M,Sputnik,Publico,85,0
11JAN2021,51 a 60,M,Sputnik,Publico nacional,7,0
11JAN2021,61 a 70,F,Sputnik,Publico,3,0
11JAN2021,61 a 70,M,Sputnik,Publico,2,0
11JAN2021,71 a 80,F,Sputnik,Publico,1,0
12JAN2021,30 o menos,F,Sputnik,Privado,12,0
12JAN2021,30 o menos,F,Sputnik,Publico,147,0
12JAN2021,30 o menos,F,Sputnik,Publico nacional,33,0
12JAN2021,30 o menos,M,Sputnik,Privado,8,0
12JAN2021,30 o menos,M,Sputnik,Publico,74,0
12JAN2021,30 o menos,M,Sputnik,Publico nacional,16,0
12JAN2021,31 a 40,F,Sputnik,Privado,67,0
12JAN2021,31 a 40,F,Sputnik,Publico,265,0
12JAN2021,31 a 40,F,Sputnik,Publico nacional,56,0
12JAN2021,31 a 40,M,Sputnik,Privado,49,0
12JAN2021,31 a 40,M,Sputnik,Publico,157,0
12JAN2021,31 a 40,M,Sputnik,Publico nacional,32,0
12JAN2021,41 a 50,F,Sputnik,Privado,29,0
12JAN2021,41 a 50,F,Sputnik,Publico,232,0
12JAN2021,41 a 50,F,Sputnik,Publico nacional,31,0
12JAN2021,41 a 50,M,Sputnik,Privado,26,0
12JAN2021,41 a 50,M,Sputnik,Publico,102,0
12JAN2021,41 a 50,M,Sputnik,Publico nacional,22,0
12JAN2021,51 a 60,F,Sputnik,Privado,24,0
12JAN2021,51 a 60,F,Sputnik,Publico,178,0
12JAN2021,51 a 60,F,Sputnik,Publico nacional,22,0
12JAN2021,51 a 60,M,Sputnik,Privado,13,0
12JAN2021,51 a 60,M,Sputnik,Publico,88,0
12JAN2021,51 a 60,M,Sputnik,Publico nacional,9,0
12JAN2021,61 a 70,F,Sputnik,Privado,1,0
12JAN2021,61 a 70,M,Sputnik,Publico nacional,1,0
13JAN2021,30 o menos,F,Sputnik,Privado,47,0
13JAN2021,30 o menos,F,Sputnik,Publico,115,0
13JAN2021,30 o menos,F,Sputnik,Publico nacional,18,0
13JAN2021,30 o menos,M,Sputnik,Privado,30,0
13JAN2021,30 o menos,M,Sputnik,Publico,37,0
13JAN2021,30 o menos,M,Sputnik,Publico nacional,13,0
13JAN2021,31 a 40,F,Sputnik,Privado,87,0
13JAN2021,31 a 40,F,Sputnik,Publico,196,0
13JAN2021,31 a 40,F,Sputnik,Publico nacional,41,0
13JAN2021,31 a 40,M,Sputnik,Privado,54,0
13JAN2021,31 a 40,M,Sputnik,Publico,91,0
13JAN2021,31 a 40,M,Sputnik,Publico nacional,21,0
13JAN2021,41 a 50,F,Sputnik,Privado,53,0
13JAN2021,41 a 50,F,Sputnik,Publico,149,0
13JAN2021,41 a 50,F,Sputnik,Publico nacional,32,0
13JAN2021,41 a 50,M,Sputnik,Privado,21,0
13JAN2021,41 a 50,M,Sputnik,Publico,91,0
03FEB2021,31 a 40,F,Sputnik,Publico,217,184
03FEB2021,31 a 40,F,Sputnik,Publico nacional,26,21
03FEB2021,31 a 40,M,Sputnik,Privado,70,38
03FEB2021,31 a 40,M,Sputnik,Publico,89,103
03FEB2021,31 a 40,M,Sputnik,Publico nacional,13,11
03FEB2021,41 a 50,F,Sputnik,Privado,75,28
03FEB2021,41 a 50,F,Sputnik,Publico,248,151
03FEB2021,41 a 50,F,Sputnik,Publico nacional,24,20
03FEB2021,41 a 50,M,Sputnik,Privado,23,19
03FEB2021,41 a 50,M,Sputnik,Publico,100,88
03FEB2021,41 a 50,M,Sputnik,Publico nacional,13,10
03FEB2021,51 a 60,F,Sputnik,Privado,34,17
03FEB2021,51 a 60,F,Sputnik,Publico,265,116
03FEB2021,51 a 60,F,Sputnik,Publico nacional,26,16
03FEB2021,51 a 60,M,Sputnik,Privado,25,9
03FEB2021,51 a 60,M,Sputnik,Publico,106,87
03FEB2021,51 a 60,M,Sputnik,Publico nacional,12,7
03FEB2021,61 a 70,F,Sputnik,Privado,15,0
03FEB2021,61 a 70,F,Sputnik,Publico,285,0
03FEB2021,61 a 70,F,Sputnik,Publico nacional,18,0
03FEB2021,61 a 70,M,Sputnik,Privado,13,0
03FEB2021,61 a 70,M,Sputnik,Publico,238,2
03FEB2021,61 a 70,M,Sputnik,Publico nacional,13,0
03FEB2021,71 a 80,F,Sputnik,Publico,27,0
03FEB2021,71 a 80,M,Sputnik,Privado,5,0
03FEB2021,71 a 80,M,Sputnik,Publico,30,0
03FEB2021,81 a 90,F,Sputnik,Publico,2,0
03FEB2021,81 a 90,M,Sputnik,Privado,1,0
03FEB2021,81 a 90,M,Sputnik,Publico,2,0
04FEB2021,30 o menos,F,Sputnik,Privado,15,40
04FEB2021,30 o menos,F,Sputnik,Publico,67,143
04FEB2021,30 o menos,F,Sputnik,Publico nacional,22,32
04FEB2021,30 o menos,M,Sputnik,Privado,4,27
04FEB2021,30 o menos,M,Sputnik,Publico,32,67
04FEB2021,30 o menos,M,Sputnik,Publico nacional,4,21
04FEB2021,31 a 40,F,Sputnik,Privado,43,103
04FEB2021,31 a 40,F,Sputnik,Publico,204,252
04FEB2021,31 a 40,F,Sputnik,Publico nacional,22,38
04FEB2021,31 a 40,M,Sputnik,Privado,22,71
04FEB2021,31 a 40,M,Sputnik,Publico,75,142
04FEB2021,31 a 40,M,Sputnik,Publico nacional,11,33
04FEB2021,41 a 50,F,Sputnik,Privado,19,73
04FEB2021,41 a 50,F,Sputnik,Publico,208,219
04FEB2021,41 a 50,F,Sputnik,Publico nacional,15,26
04FEB2021,41 a 50,M,Sputnik,Privado,8,34
04FEB2021,41 a 50,M,Sputnik,Publico,95,122
04FEB2021,41 a 50,M,Sputnik,Publico nacional,9,21
04FEB2021,51 a 60,F,Sputnik,Privado,12,40
04FEB2021,51 a 60,F,Sputnik,Publico,245,152
04FEB2021,51 a 60,F,Sputnik,Publico nacional,20,13
04FEB2021,51 a 60,M,Sputnik,Privado,5,22
04FEB2021,51 a 60,M,Sputnik,Publico,101,74
04FEB2021,51 a 60,M,Sputnik,Publico nacional,10,8
04FEB2021,61 a 70,F,Sputnik,Publico,240,0
04FEB2021,61 a 70,F,Sputnik,Publico nacional,10,0
04FEB2021,61 a 70,M,Sputnik,Privado,5,0
04FEB2021,61 a 70,M,Sputnik,Publico,153,0
04FEB2021,61 a 70,M,Sputnik,Publico nacional,9,0
04FEB2021,71 a 80,F,Sputnik,Publico,35,0
04FEB2021,71 a 80,M,Sputnik,Publico,39,0
04FEB2021,81 a 90,F,Sputnik,Publico,3,0
04FEB2021,81 a 90,M,Sputnik,Publico,4,0
04FEB2021,91 o mas,M,Sputnik,Publico,1,0
05FEB2021,30 o menos,F,Sputnik,Privado,75,130
05FEB2021,30 o menos,F,Sputnik,Publico,131,203
05FEB2021,30 o menos,F,Sputnik,Publico nacional,17,25
05FEB2021,30 o menos,M,Sputnik,Privado,44,49
05FEB2021,30 o menos,M,Sputnik,Publico,49,115
05FEB2021,30 o menos,M,Sputnik,Publico nacional,6,14
05FEB2021,31 a 40,F,Sputnik,Privado,158,246
05FEB2021,31 a 40,F,Sputnik,Publico,305,385
05FEB2021,31 a 40,F,Sputnik,Publico nacional,44,31
05FEB2021,31 a 40,M,Sputnik,Privado,103,147
05FEB2021,31 a 40,M,Sputnik,Publico,125,214
05FEB2021,31 a 40,M,Sputnik,Publico nacional,12,20
05FEB2021,41 a 50,F,Sputnik,Privado,115,155
05FEB2021,41 a 50,F,Sputnik,Publico,289,305
05FEB2021,41 a 50,F,Sputnik,Publico nacional,20,26
05FEB2021,41 a 50,M,Sputnik,Privado,61,74
05FEB2021,41 a 50,M,Sputnik,Publico,90,155
05FEB2021,41 a 50,M,Sputnik,Publico nacional,11,13
05FEB2021,51 a 60,F,Sputnik,Privado,77,71
05FEB2021,51 a 60,F,Sputnik,Publico,296,241
05FEB2021,51 a 60,F,Sputnik,Publico nacional,38,11
05FEB2021,51 a 60,M,Sputnik,Privado,32,46
05FEB2021,51 a 60,M,Sputnik,Publico,129,118
05FEB2021,51 a 60,M,Sputnik,Publico nacional,24,6
05FEB2021,61 a 70,F,Sputnik,Privado,18,2
05FEB2021,61 a 70,F,Sputnik,Publico,234,2
05FEB2021,61 a 70,F,Sputnik,Publico nacional,22,0
05FEB2021,61 a 70,M,Sputnik,Privado,15,0
05FEB2021,61 a 70,M,Sputnik,Publico,156,1
05FEB2021,61 a 70,M,Sputnik,Publico nacional,17,0
05FEB2021,71 a 80,F,Sputnik,Privado,2,0
05FEB2021,71 a 80,F,Sputnik,Publico,40,0
05FEB2021,71 a 80,M,Sputnik,Privado,6,0
05FEB2021,71 a 80,M,Sputnik,Publico,41,0
05FEB2021,71 a 80,M,Sputnik,Publico nacional,4,0
05FEB2021,81 a 90,F,Sputnik,Publico,2,0
05FEB2021,81 a 90,M,Sputnik,Publico,5,0
06FEB2021,30 o menos,F,Sputnik,Privado,0,13
06FEB2021,30 o menos,F,Sputnik,Publico,15,82
06FEB2021,30 o menos,F,Sputnik,Publico nacional,3,6
06FEB2021,30 o menos,M,Sputnik,Privado,0,11
06FEB2021,30 o menos,M,Sputnik,Publico,8,60
06FEB2021,30 o menos,M,Sputnik,Publico nacional,0,2
06FEB2021,31 a 40,F,Sputnik,Privado,0,43
06FEB2021,31 a 40,F,Sputnik,Publico,43,163
06FEB2021,31 a 40,F,Sputnik,Publico nacional,16,10
06FEB2021,31 a 40,M,Sputnik,Privado,0,20
06FEB2021,31 a 40,M,Sputnik,Publico,17,87
06FEB2021,31 a 40,M,Sputnik,Publico nacional,3,8
06FEB2021,41 a 50,F,Sputnik,Privado,0,27
06FEB2021,41 a 50,F,Sputnik,Publico,33,146
06FEB2021,41 a 50,F,Sputnik,Publico nacional,11,13
06FEB2021,41 a 50,M,Sputnik,Privado,0,13
06FEB2021,41 a 50,M,Sputnik,Publico,24,71
06FEB2021,41 a 50,M,Sputnik,Publico nacional,7,2
06FEB2021,51 a 60,F,Sputnik,Privado,1,14
06FEB2021,51 a 60,F,Sputnik,Publico,42,89
06FEB2021,51 a 60,F,Sputnik,Publico nacional,6,3
06FEB2021,51 a 60,M,Sputnik,Privado,0,10
06FEB2021,51 a 60,M,Sputnik,Publico,16,52
06FEB2021,51 a 60,M,Sputnik,Publico nacional,6,2
06FEB2021,61 a 70,F,Sputnik,Privado,1,0
06FEB2021,61 a 70,F,Sputnik,Publico,23,0
06FEB2021,61 a 70,F,Sputnik,Publico nacional,2,0
06FEB2021,61 a 70,M,Sputnik,Privado,3,0
06FEB2021,61 a 70,M,Sputnik,Publico,18,0
06FEB2021,61 a 70,M,Sputnik,Publico nacional,1,0
06FEB2021,71 a 80,F,Sputnik,Publico,1,0
06FEB2021,71 a 80,M,Sputnik,Publico,1,0
07FEB2021,30 o menos,F,Sputnik,Privado,7,12
07FEB2021,30 o menos,F,Sputnik,Publico,24,44
07FEB2021,30 o menos,F,Sputnik,Publico nacional,0,2
07FEB2021,30 o menos,M,Sputnik,Privado,3,12
07FEB2021,30 o menos,M,Sputnik,Publico,14,22
07FEB2021,30 o menos,M,Sputnik,Publico nacional,0,1
07FEB2021,31 a 40,F,Sputnik,Privado,21,44
07FEB2021,31 a 40,F,Sputnik,Publico,60,107
07FEB2021,31 a 40,F,Sputnik,Publico nacional,0,3
07FEB2021,31 a 40,M,Sputnik,Privado,10,21
07FEB2021,31 a 40,M,Sputnik,Publico,32,46
07FEB2021,31 a 40,M,Sputnik,Publico nacional,0,2
07FEB2021,41 a 50,F,Sputnik,Privado,11,16
07FEB2021,41 a 50,F,Sputnik,Publico,54,107
07FEB2021,41 a 50,F,Sputnik,Publico nacional,0,1
07FEB2021,41 a 50,M,Sputnik,Privado,6,15
07FEB2021,41 a 50,M,Sputnik,Publico,31,55
07FEB2021,41 a 50,M,Sputnik,Publico nacional,0,3
07FEB2021,51 a 60,F,Sputnik,Privado,3,9
07FEB2021,51 a 60,F,Sputnik,Publico,38,60
07FEB2021,51 a 60,M,Sputnik,Privado,0,9
07FEB2021,51 a 60,M,Sputnik,Publico,19,28
07FEB2021,51 a 60,M,Sputnik,Publico nacional,0,1
07FEB2021,61 a 70,F,Sputnik,Publico,21,0
07FEB2021,61 a 70,M,Sputnik,Privado,4,0
07FEB2021,61 a 70,M,Sputnik,Publico,12,0
07FEB2021,71 a 80,F,Sputnik,Publico,1,0
07FEB2021,71 a 80,M,Sputnik,Privado,1,0
07FEB2021,71 a 80,M,Sputnik,Publico,1,0
08FEB2021,30 o menos,F,Sputnik,Privado,30,68
08FEB2021,30 o menos,F,Sputnik,Publico,51,74
08FEB2021,30 o menos,F,Sputnik,Publico nacional,19,36
08FEB2021,30 o menos,M,Sputnik,Privado,6,34
08FEB2021,30 o menos,M,Sputnik,Publico,24,34
08FEB2021,30 o menos,M,Sputnik,Publico nacional,11,18
08FEB2021,31 a 40,F,Sputnik,Privado,60,120
08FEB2021,31 a 40,F,Sputnik,Publico,108,127
08FEB2021,31 a 40,F,Sputnik,Publico nacional,43,43
08FEB2021,31 a 40,M,Sputnik,Privado,26,68
08FEB2021,31 a 40,M,Sputnik,Publico,59,75
08FEB2021,31 a 40,M,Sputnik,Publico nacional,23,23
08FEB2021,41 a 50,F,Sputnik,Privado,34,65
08FEB2021,41 a 50,F,Sputnik,Publico,123,142
08FEB2021,41 a 50,F,Sputnik,Publico nacional,28,33
08FEB2021,41 a 50,M,Sputnik,Privado,24,32
08FEB2021,41 a 50,M,Sputnik,Publico,59,60
08FEB2021,41 a 50,M,Sputnik,Publico nacional,14,20
08FEB2021,51 a 60,F,Sputnik,Privado,18,33
08FEB2021,51 a 60,F,Sputnik,Publico,96,84
08FEB2021,51 a 60,F,Sputnik,Publico nacional,27,14
08FEB2021,51 a 60,M,Sputnik,Privado,6,19
08FEB2021,51 a 60,M,Sputnik,Publico,53,42
08FEB2021,51 a 60,M,Sputnik,Publico nacional,20,10
08FEB2021,61 a 70,F,Sputnik,Privado,5,0
08FEB2021,61 a 70,F,Sputnik,Publico,76,0
08FEB2021,61 a 70,F,Sputnik,Publico nacional,22,0
08FEB2021,61 a 70,M,Sputnik,Privado,9,0
08FEB2021,61 a 70,M,Sputnik,Publico,66,0
08FEB2021,61 a 70,M,Sputnik,Publico nacional,14,0
08FEB2021,71 a 80,F,Sputnik,Privado,2,0
08FEB2021,71 a 80,F,Sputnik,Publico,7,0
08FEB2021,71 a 80,F,Sputnik,Publico nacional,1,0
08FEB2021,71 a 80,M,Sputnik,Privado,4,0
08FEB2021,71 a 80,M,Sputnik,Publico,6,0
08FEB2021,71 a 80,M,Sputnik,Publico nacional,1,0
08FEB2021,81 a 90,M,Sputnik,Privado,1,0
09FEB2021,30 o menos,F,Sputnik,Privado,63,25
09FEB2021,30 o menos,F,Sputnik,Publico,152,73
09FEB2021,30 o menos,F,Sputnik,Publico nacional,19,10
09FEB2021,30 o menos,M,Sputnik,Privado,23,11
09FEB2021,30 o menos,M,Sputnik,Publico,45,47
09FEB2021,30 o menos,M,Sputnik,Publico nacional,10,5
09FEB2021,31 a 40,F,Sputnik,Privado,119,48
09FEB2021,31 a 40,F,Sputnik,Publico,242,126
09FEB2021,31 a 40,F,Sputnik,Publico nacional,13,20
09FEB2021,31 a 40,M,Sputnik,Privado,71,27
09FEB2021,31 a 40,M,Sputnik,Publico,82,80
09FEB2021,31 a 40,M,Sputnik,Publico nacional,22,19
09FEB2021,41 a 50,F,Sputnik,Privado,89,38
09FEB2021,41 a 50,F,Sputnik,Publico,186,112
09FEB2021,41 a 50,F,Sputnik,Publico nacional,13,21
09FEB2021,41 a 50,M,Sputnik,Privado,50,17
09FEB2021,41 a 50,M,Sputnik,Publico,67,69
09FEB2021,41 a 50,M,Sputnik,Publico nacional,12,13
09FEB2021,51 a 60,F,Sputnik,Privado,58,24
09FEB2021,51 a 60,F,Sputnik,Publico,229,71
09FEB2021,51 a 60,F,Sputnik,Publico nacional,14,10
09FEB2021,51 a 60,M,Sputnik,Privado,34,15
09FEB2021,51 a 60,M,Sputnik,Publico,67,51
09FEB2021,51 a 60,M,Sputnik,Publico nacional,6,8
09FEB2021,61 a 70,F,Sputnik,Privado,12,0
09FEB2021,61 a 70,F,Sputnik,Publico,122,0
09FEB2021,61 a 70,F,Sputnik,Publico nacional,9,0
09FEB2021,61 a 70,M,Sputnik,Privado,13,0
09FEB2021,61 a 70,M,Sputnik,Publico,103,0
09FEB2021,61 a 70,M,Sputnik,Publico nacional,5,0
09FEB2021,71 a 80,F,Sputnik,Publico,5,0
09FEB2021,71 a 80,F,Sputnik,Publico nacional,1,0
09FEB2021,71 a 80,M,Sputnik,Privado,3,0
09FEB2021,71 a 80,M,Sputnik,Publico,10,0
09FEB2021,71 a 80,M,Sputnik,Publico nacional,1,0
09FEB2021,81 a 90,M,Sputnik,Publico,5,0
10FEB2021,30 o menos,F,Sputnik,Privado,37,22
10FEB2021,30 o menos,F,Sputnik,Publico,40,29
10FEB2021,30 o menos,F,Sputnik,Publico nacional,8,23
10FEB2021,30 o menos,M,Sputnik,Privado,15,7
10FEB2021,30 o menos,M,Sputnik,Publico,28,16
10FEB2021,30 o menos,M,Sputnik,Publico nacional,13,2
10FEB2021,31 a 40,F,Sputnik,Privado,84,33
10FEB2021,31 a 40,F,Sputnik,Publico,89,84
10FEB2021,31 a 40,F,Sputnik,Publico nacional,8,21
10FEB2021,31 a 40,M,Sputnik,Privado,33,19
10FEB2021,31 a 40,M,Sputnik,Publico,29,30
10FEB2021,31 a 40,M,Sputnik,Publico nacional,13,6
10FEB2021,41 a 50,F,Sputnik,Privado,63,18
10FEB2021,41 a 50,F,Sputnik,Publico,93,58
10FEB2021,41 a 50,F,Sputnik,Publico nacional,6,24
10FEB2021,41 a 50,M,Sputnik,Privado,41,19
10FEB2021,41 a 50,M,Sputnik,Publico,41,26
10FEB2021,41 a 50,M,Sputnik,Publico nacional,7,9
10FEB2021,51 a 60,F,Sputnik,Privado,36,8
10FEB2021,51 a 60,F,Sputnik,Publico,86,46
10FEB2021,51 a 60,F,Sputnik,Publico nacional,10,14
10FEB2021,51 a 60,M,Sputnik,Privado,21,4
10FEB2021,51 a 60,M,Sputnik,Publico,50,20
10FEB2021,51 a 60,M,Sputnik,Publico nacional,4,9
10FEB2021,61 a 70,F,Sputnik,Privado,11,0
10FEB2021,61 a 70,F,Sputnik,Publico,48,0
10FEB2021,61 a 70,F,Sputnik,Publico nacional,1,0
10FEB2021,61 a 70,M,Sputnik,Privado,6,0
10FEB2021,61 a 70,M,Sputnik,Publico,49,0
10FEB2021,61 a 70,M,Sputnik,Publico nacional,3,0
10FEB2021,71 a 80,F,Sputnik,Publico,7,0
10FEB2021,71 a 80,M,Sputnik,Privado,1,0
10FEB2021,71 a 80,M,Sputnik,Publico,8,0
10FEB2021,81 a 90,M,Sputnik,Privado,3,0
11FEB2021,30 o menos,F,Sputnik,Privado,43,4
11FEB2021,30 o menos,F,Sputnik,Publico,82,37
11FEB2021,30 o menos,F,Sputnik,Publico nacional,0,13
11FEB2021,30 o menos,M,Sputnik,Privado,20,2
11FEB2021,30 o menos,M,Sputnik,Publico,25,19
11FEB2021,30 o menos,M,Sputnik,Publico nacional,0,4
11FEB2021,31 a 40,F,Sputnik,Privado,84,12
11FEB2021,31 a 40,F,Sputnik,Publico,166,56
11FEB2021,31 a 40,F,Sputnik,Publico nacional,0,25
11FEB2021,31 a 40,M,Sputnik,Privado,43,10
11FEB2021,31 a 40,M,Sputnik,Publico,41,32
11FEB2021,31 a 40,M,Sputnik,Publico nacional,0,17
11FEB2021,41 a 50,F,Sputnik,Privado,41,11
11FEB2021,41 a 50,F,Sputnik,Publico,157,41
11FEB2021,41 a 50,F,Sputnik,Publico nacional,0,18
11FEB2021,41 a 50,M,Sputnik,Privado,20,4
11FEB2021,41 a 50,M,Sputnik,Publico,39,24
11FEB2021,41 a 50,M,Sputnik,Publico nacional,0,10
11FEB2021,51 a 60,F,Sputnik,Privado,34,1
11FEB2021,51 a 60,F,Sputnik,Publico,120,27
11FEB2021,51 a 60,F,Sputnik,Publico nacional,0,15
11FEB2021,51 a 60,M,Sputnik,Privado,21,1
11FEB2021,51 a 60,M,Sputnik,Publico,34,10
11FEB2021,51 a 60,M,Sputnik,Publico nacional,0,3
11FEB2021,61 a 70,F,Sputnik,Privado,20,0
11FEB2021,61 a 70,F,Sputnik,Publico,39,0
11FEB2021,61 a 70,F,Sputnik,Publico nacional,0,1
11FEB2021,61 a 70,M,Sputnik,Privado,23,0
11FEB2021,61 a 70,M,Sputnik,Publico,28,3
11FEB2021,61 a 70,M,Sputnik,Publico nacional,0,1
11FEB2021,71 a 80,F,Sputnik,Privado,2,0
11FEB2021,71 a 80,F,Sputnik,Publico,6,0
11FEB2021,71 a 80,M,Sputnik,Privado,7,0
11FEB2021,71 a 80,M,Sputnik,Publico,4,0
11FEB2021,81 a 90,M,Sputnik,Publico,1,0
12FEB2021,30 o menos,F,Sputnik,Privado,44,27
12FEB2021,30 o menos,F,Sputnik,Publico,43,33
12FEB2021,30 o menos,F,Sputnik,Publico nacional,0,5
12FEB2021,30 o menos,M,Sputnik,Privado,25,14
12FEB2021,30 o menos,M,Sputnik,Publico,11,17
12FEB2021,30 o menos,M,Sputnik,Publico nacional,0,3
12FEB2021,31 a 40,F,Sputnik,Privado,114,51
12FEB2021,31 a 40,F,Sputnik,Publico,66,66
12FEB2021,31 a 40,F,Sputnik,Publico nacional,1,20
12FEB2021,31 a 40,M,Sputnik,Privado,69,23
12FEB2021,31 a 40,M,Sputnik,Publico,34,28
12FEB2021,31 a 40,M,Sputnik,Publico nacional,0,6
12FEB2021,41 a 50,F,Sputnik,Privado,87,36
12FEB2021,41 a 50,F,Sputnik,Publico,66,63
12FEB2021,41 a 50,F,Sputnik,Publico nacional,0,20
12FEB2021,41 a 50,M,Sputnik,Privado,34,18
12FEB2021,41 a 50,M,Sputnik,Publico,31,20
12FEB2021,41 a 50,M,Sputnik,Publico nacional,0,6
12FEB2021,51 a 60,F,Sputnik,Privado,32,17
12FEB2021,51 a 60,F,Sputnik,Publico,48,27
12FEB2021,51 a 60,F,Sputnik,Publico nacional,0,7
12FEB2021,51 a 60,M,Sputnik,Privado,33,12
12FEB2021,51 a 60,M,Sputnik,Publico,20,17
12FEB2021,51 a 60,M,Sputnik,Publico nacional,0,4
12FEB2021,61 a 70,F,Sputnik,Privado,21,1
12FEB2021,61 a 70,F,Sputnik,Publico,16,0
12FEB2021,61 a 70,M,Sputnik,Privado,26,0
12FEB2021,61 a 70,M,Sputnik,Publico,19,0
12FEB2021,71 a 80,F,Sputnik,Privado,3,0
12FEB2021,71 a 80,F,Sputnik,Publico,4,0
12FEB2021,71 a 80,M,Sputnik,Privado,8,0
12FEB2021,71 a 80,M,Sputnik,Publico,5,0
12FEB2021,81 a 90,M,Sputnik,Privado,3,0
13FEB2021,30 o menos,F,Sputnik,Publico,0,6
13FEB2021,31 a 40,F,Sputnik,Privado,2,0
13FEB2021,31 a 40,F,Sputnik,Publico,1,12
13FEB2021,31 a 40,M,Sputnik,Privado,1,0
13FEB2021,31 a 40,M,Sputnik,Publico,0,7
13FEB2021,41 a 50,F,Sputnik,Privado,1,0
13FEB2021,41 a 50,F,Sputnik,Publico,3,4
13FEB2021,41 a 50,M,Sputnik,Publico,2,3
13FEB2021,51 a 60,F,Sputnik,Publico,2,6
13FEB2021,51 a 60,M,Sputnik,Privado,1,0
13FEB2021,51 a 60,M,Sputnik,Publico,3,3
14FEB2021,30 o menos,F,Sputnik,Privado,0,7
14FEB2021,30 o menos,M,Sputnik,Privado,0,2
14FEB2021,31 a 40,F,Sputnik,Privado,0,6
14FEB2021,31 a 40,F,Sputnik,Publico,0,1
14FEB2021,31 a 40,M,Sputnik,Privado,0,1
14FEB2021,31 a 40,M,Sputnik,Publico,0,1
14FEB2021,41 a 50,F,Sputnik,Privado,0,7
14FEB2021,41 a 50,F,Sputnik,Publico,0,2
14FEB2021,51 a 60,M,Sputnik,Privado,0,1
14FEB2021,51 a 60,M,Sputnik,Publico,0,1
16FEB2021,30 o menos,F,Sputnik,Publico nacional,0,1
16FEB2021,30 o menos,M,Sputnik,Publico nacional,0,1
16FEB2021,31 a 40,F,Sputnik,Privado,3,4
16FEB2021,31 a 40,F,Sputnik,Publico,0,4
16FEB2021,31 a 40,F,Sputnik,Publico nacional,0,6
16FEB2021,31 a 40,M,Sputnik,Privado,2,4
16FEB2021,31 a 40,M,Sputnik,Publico nacional,0,2
16FEB2021,41 a 50,F,Sputnik,Privado,0,6
16FEB2021,41 a 50,F,Sputnik,Publico,0,1
16FEB2021,41 a 50,F,Sputnik,Publico nacional,0,5
16FEB2021,41 a 50,M,Sputnik,Publico nacional,0,2
16FEB2021,51 a 60,F,Sputnik,Publico nacional,0,3
17FEB2021,30 o menos,F,Sputnik,Privado,52,8
17FEB2021,30 o menos,F,Sputnik,Publico,110,17
17FEB2021,30 o menos,F,Sputnik,Publico nacional,11,5
17FEB2021,30 o menos,M,Sputnik,Privado,47,4
17FEB2021,30 o menos,M,Sputnik,Publico,41,7
17FEB2021,30 o menos,M,Sputnik,Publico nacional,7,5
17FEB2021,31 a 40,F,Sputnik,Privado,130,13
17FEB2021,31 a 40,F,Sputnik,Publico,191,42
17FEB2021,31 a 40,F,Sputnik,Publico nacional,22,10
17FEB2021,31 a 40,M,Sputnik,Privado,70,11
17FEB2021,31 a 40,M,Sputnik,Publico,101,23
17FEB2021,31 a 40,M,Sputnik,Publico nacional,12,6
17FEB2021,41 a 50,F,Sputnik,Privado,112,6
17FEB2021,41 a 50,F,Sputnik,Publico,203,45
17FEB2021,41 a 50,F,Sputnik,Publico nacional,16,8
17FEB2021,41 a 50,M,Sputnik,Privado,40,7
17FEB2021,41 a 50,M,Sputnik,Publico,84,18
17FEB2021,41 a 50,M,Sputnik,Publico nacional,3,3
17FEB2021,51 a 60,F,Sputnik,Privado,36,3
17FEB2021,51 a 60,F,Sputnik,Publico,183,17
17FEB2021,51 a 60,F,Sputnik,Publico nacional,15,5
17FEB2021,51 a 60,M,Sputnik,Privado,27,3
17FEB2021,51 a 60,M,Sputnik,Publico,87,7
17FEB2021,51 a 60,M,Sputnik,Publico nacional,6,3
17FEB2021,61 a 70,F,Sputnik,Privado,9,0
17FEB2021,61 a 70,F,Sputnik,Publico,79,0
17FEB2021,61 a 70,F,Sputnik,Publico nacional,6,0
17FEB2021,61 a 70,M,Sputnik,Privado,21,0
17FEB2021,61 a 70,M,Sputnik,Publico,63,0